3
256 256 5 1 1.000000 1
0.508436  5.089494  51  0.508436  5.089494  51
1.006627  -0.019645  -0.001287  0.998866  -5.348 1.350
  -0.372  -0.235  -0.392  -0.248  -0.415  -0.272  -0.439  -0.296
  -0.470  -0.324  -0.515  -0.357  -0.545  -0.386  -0.556  -0.412
  -0.551  -0.437  -0.542  -0.459  -0.511  -0.475  -0.474  -0.486
  -0.450  -0.496  -0.423  -0.503  -0.391  -0.506  -0.351  -0.509
  -0.278  -0.519  -0.191  -0.535  -0.111  -0.562  0.014  -0.629
  0.099  -0.676  0.067  -0.635  0.038  -0.590  0.009  -0.544
  -0.044  -0.482  -0.033  -0.440  0.070  -0.408  0.169  -0.373
  0.213  -0.343  0.339  -0.294  0.464  -0.240  0.546  -0.184
  0.617  -0.132  0.675  -0.085  0.700  -0.057  0.725  -0.026
  0.775  0.021  0.807  0.059  0.820  0.085  0.846  0.122
  0.879  0.166  0.872  0.184  0.837  0.186  0.835  0.212
  0.855  0.254  0.849  0.292  0.823  0.325  0.817  0.362
  0.799  0.410  0.655  0.505  0.429  0.626
  -0.365  -0.238  -0.385  -0.249  -0.405  -0.270  -0.428  -0.293
  -0.453  -0.318  -0.496  -0.349  -0.529  -0.378  -0.547  -0.406
  -0.548  -0.433  -0.546  -0.458  -0.534  -0.477  -0.518  -0.493
  -0.500  -0.505  -0.464  -0.511  -0.421  -0.513  -0.384  -0.517
  -0.338  -0.524  -0.287  -0.536  -0.221  -0.551  -0.084  -0.622
  0.036  -0.683  0.055  -0.676  0.027  -0.632  -0.042  -0.561
  -0.082  -0.500  -0.074  -0.460  0.010  -0.428  0.110  -0.394
  0.165  -0.363  0.283  -0.316  0.425  -0.253  0.509  -0.196
  0.574  -0.148  0.636  -0.099  0.667  -0.067  0.699  -0.033
  0.749  0.014  0.766  0.042  0.785  0.073  0.828  0.121
  0.848  0.156  0.833  0.169  0.816  0.183  0.829  0.218
  0.845  0.261  0.822  0.296  0.800  0.331  0.802  0.373
  0.738  0.440  0.552  0.551  0.399  0.672
  -0.339  -0.214  -0.360  -0.225  -0.382  -0.247  -0.412  -0.273
  -0.436  -0.298  -0.472  -0.327  -0.511  -0.357  -0.545  -0.388
  -0.549  -0.415  -0.541  -0.443  -0.540  -0.467  -0.535  -0.488
  -0.523  -0.503  -0.503  -0.514  -0.480  -0.521  -0.453  -0.526
  -0.418  -0.531  -0.360  -0.543  -0.283  -0.559  -0.205  -0.590
  -0.086  -0.651  -0.002  -0.690  -0.027  -0.650  -0.094  -0.582
  -0.109  -0.536  -0.103  -0.496  -0.084  -0.454  0.012  -0.421
  0.114  -0.383  0.223  -0.336  0.365  -0.273  0.458  -0.217
  0.529  -0.165  0.586  -0.120  0.625  -0.084  0.671  -0.041
  0.728  0.010  0.751  0.041  0.772  0.074  0.814  0.121
  0.821  0.146  0.796  0.154  0.799  0.182  0.824  0.227
  0.824  0.268  0.803  0.304  0.799  0.342  0.788  0.390
  0.669  0.477  0.480  0.594  0.422  0.711
  -0.316  -0.190  -0.337  -0.202  -0.364  -0.227  -0.396  -0.254
  -0.423  -0.281  -0.455  -0.309  -0.499  -0.340  -0.535  -0.370
  -0.550  -0.398  -0.555  -0.427  -0.560  -0.454  -0.551  -0.477
  -0.535  -0.496  -0.523  -0.511  -0.507  -0.522  -0.487  -0.530
  -0.459  -0.537  -0.423  -0.548  -0.378  -0.561  -0.321  -0.577
  -0.194  -0.636  -0.072  -0.694  -0.082  -0.666  -0.106  -0.617
  -0.119  -0.576  -0.146  -0.519  -0.133  -0.478  -0.052  -0.443
  0.058  -0.402  0.146  -0.354  0.276  -0.296  0.409  -0.235
  0.480  -0.184  0.527  -0.145  0.570  -0.107  0.640  -0.051
  0.697  -0.001  0.727  0.035  0.762  0.075  0.806  0.124
  0.815  0.152  0.794  0.163  0.798  0.192  0.820  0.237
  0.806  0.276  0.787  0.313  0.793  0.357  0.748  0.419
  0.613  0.514  0.476  0.633  0.450  0.750
  -0.303  -0.174  -0.324  -0.185  -0.354  -0.211  -0.386  -0.239
  -0.416  -0.266  -0.448  -0.294  -0.486  -0.324  -0.524  -0.354
  -0.554  -0.382  -0.566  -0.412  -0.562  -0.440  -0.564  -0.466
  -0.564  -0.489  -0.561  -0.508  -0.541  -0.521  -0.514  -0.531
  -0.494  -0.542  -0.467  -0.555  -0.431  -0.570  -0.377  -0.585
  -0.302  -0.613  -0.189  -0.664  -0.109  -0.697  -0.116  -0.660
  -0.162  -0.598  -0.174  -0.554  -0.161  -0.513  -0.130  -0.465
  -0.033  -0.427  0.091  -0.376  0.215  -0.316  0.350  -0.254
  0.432  -0.203  0.479  -0.164  0.538  -0.117  0.613  -0.059
  0.659  -0.016  0.696  0.024  0.750  0.077  0.785  0.120
  0.786  0.143  0.779  0.164  0.797  0.202  0.819  0.249
  0.806  0.288  0.788  0.326  0.789  0.372  0.718  0.444
  0.560  0.549  0.451  0.674  0.454  0.779
  -0.294  -0.159  -0.315  -0.170  -0.346  -0.196  -0.377  -0.223
  -0.411  -0.252  -0.443  -0.280  -0.477  -0.308  -0.514  -0.338
  -0.550  -0.368  -0.572  -0.398  -0.581  -0.427  -0.590  -0.455
  -0.589  -0.480  -0.575  -0.500  -0.569  -0.518  -0.561  -0.533
  -0.550  -0.546  -0.534  -0.559  -0.492  -0.574  -0.428  -0.592
  -0.364  -0.616  -0.260  -0.664  -0.166  -0.708  -0.163  -0.678
  -0.182  -0.632  -0.189  -0.594  -0.206  -0.538  -0.179  -0.490
  -0.089  -0.449  0.048  -0.393  0.134  -0.340  0.262  -0.278
  0.372  -0.229  0.426  -0.187  0.507  -0.127  0.579  -0.071
  0.629  -0.025  0.682  0.025  0.739  0.079  0.761  0.114
  0.751  0.131  0.762  0.164  0.794  0.214  0.804  0.258
  0.791  0.298  0.789  0.340  0.783  0.388  0.687  0.470
  0.524  0.596  0.461  0.720  0.469  0.797
  -0.285  -0.143  -0.306  -0.153  -0.337  -0.180  -0.371  -0.208
  -0.404  -0.236  -0.435  -0.264  -0.467  -0.292  -0.504  -0.322
  -0.544  -0.353  -0.570  -0.384  -0.584  -0.415  -0.595  -0.444
  -0.603  -0.471  -0.606  -0.494  -0.608  -0.515  -0.598  -0.532
  -0.579  -0.545  -0.568  -0.561  -0.543  -0.575  -0.507  -0.591
  -0.457  -0.608  -0.352  -0.654  -0.236  -0.711  -0.196  -0.706
  -0.196  -0.674  -0.233  -0.618  -0.232  -0.570  -0.208  -0.527
  -0.140  -0.470  -0.001  -0.411  0.092  -0.358  0.202  -0.301
  0.315  -0.248  0.391  -0.198  0.478  -0.135  0.538  -0.086
  0.591  -0.038  0.666  0.025  0.719  0.077  0.735  0.108
  0.739  0.134  0.763  0.176  0.793  0.226  0.790  0.269
  0.776  0.310  0.787  0.357  0.750  0.419  0.611  0.516
  0.486  0.638  0.491  0.748  0.483  0.809
  -0.273  -0.125  -0.295  -0.135  -0.328  -0.162  -0.362  -0.190
  -0.395  -0.218  -0.429  -0.247  -0.461  -0.275  -0.496  -0.305
  -0.536  -0.337  -0.573  -0.368  -0.596  -0.401  -0.600  -0.433
  -0.609  -0.461  -0.617  -0.486  -0.622  -0.509  -0.625  -0.529
  -0.623  -0.547  -0.617  -0.562  -0.602  -0.575  -0.566  -0.591
  -0.509  -0.610  -0.444  -0.636  -0.349  -0.682  -0.258  -0.717
  -0.247  -0.694  -0.252  -0.648  -0.241  -0.606  -0.246  -0.546
  -0.199  -0.486  -0.079  -0.431  0.054  -0.373  0.133  -0.322
  0.240  -0.268  0.361  -0.209  0.447  -0.145  0.516  -0.089
  0.575  -0.038  0.653  0.027  0.698  0.074  0.704  0.099
  0.723  0.136  0.763  0.189  0.783  0.238  0.779  0.282
  0.784  0.328  0.796  0.388  0.729  0.476  0.572  0.584
  0.504  0.696  0.528  0.799  0.512  0.846
  -0.267  -0.108  -0.289  -0.118  -0.321  -0.144  -0.354  -0.172
  -0.388  -0.200  -0.423  -0.229  -0.458  -0.259  -0.494  -0.289
  -0.531  -0.320  -0.570  -0.352  -0.601  -0.386  -0.617  -0.419
  -0.632  -0.450  -0.638  -0.478  -0.635  -0.502  -0.642  -0.524
  -0.644  -0.543  -0.642  -0.559  -0.633  -0.575  -0.611  -0.591
  -0.579  -0.609  -0.534  -0.626  -0.441  -0.667  -0.324  -0.718
  -0.282  -0.718  -0.263  -0.684  -0.284  -0.625  -0.281  -0.562
  -0.233  -0.505  -0.126  -0.447  0.008  -0.388  0.088  -0.340
  0.189  -0.288  0.335  -0.216  0.421  -0.153  0.489  -0.097
  0.560  -0.037  0.642  0.031  0.693  0.081  0.704  0.110
  0.726  0.149  0.767  0.204  0.785  0.259  0.792  0.315
  0.823  0.377  0.833  0.466  0.764  0.584  0.655  0.705
  0.617  0.818  0.616  0.900  0.592  0.936
  -0.261  -0.090  -0.283  -0.100  -0.315  -0.126  -0.349  -0.154
  -0.384  -0.182  -0.420  -0.212  -0.456  -0.242  -0.493  -0.273
  -0.530  -0.304  -0.569  -0.336  -0.606  -0.369  -0.631  -0.403
  -0.640  -0.438  -0.652  -0.468  -0.664  -0.495  -0.676  -0.520
  -0.675  -0.540  -0.665  -0.557  -0.658  -0.573  -0.643  -0.590
  -0.617  -0.609  -0.576  -0.627  -0.512  -0.650  -0.421  -0.690
  -0.337  -0.725  -0.311  -0.699  -0.327  -0.641  -0.306  -0.587
  -0.244  -0.529  -0.179  -0.463  -0.060  -0.404  0.062  -0.348
  0.162  -0.292  0.304  -0.219  0.398  -0.158  0.461  -0.105
  0.549  -0.034  0.627  0.032  0.673  0.080  0.697  0.117
  0.740  0.171  0.802  0.243  0.851  0.323  0.896  0.408
  0.947  0.495  0.946  0.608  0.848  0.736  0.759  0.859
  0.746  0.963  0.717  1.012  0.681  1.041
  -0.254  -0.071  -0.276  -0.081  -0.310  -0.107  -0.345  -0.135
  -0.382  -0.165  -0.419  -0.194  -0.456  -0.225  -0.494  -0.256
  -0.532  -0.288  -0.570  -0.320  -0.609  -0.354  -0.641  -0.388
  -0.660  -0.424  -0.677  -0.456  -0.689  -0.487  -0.694  -0.514
  -0.701  -0.537  -0.703  -0.556  -0.701  -0.572  -0.690  -0.587
  -0.661  -0.605  -0.613  -0.626  -0.558  -0.648  -0.478  -0.686
  -0.388  -0.727  -0.358  -0.709  -0.350  -0.665  -0.314  -0.619
  -0.274  -0.545  -0.201  -0.475  -0.104  -0.418  0.012  -0.364
  0.122  -0.299  0.249  -0.227  0.377  -0.161  0.454  -0.101
  0.543  -0.028  0.610  0.032  0.647  0.075  0.695  0.129
  0.788  0.220  0.893  0.330  0.969  0.436  1.053  0.547
  1.122  0.661  1.084  0.781  0.948  0.907  0.872  1.017
  0.864  1.099  0.831  1.144  0.792  1.173
  -0.249  -0.052  -0.271  -0.062  -0.305  -0.088  -0.341  -0.116
  -0.378  -0.146  -0.416  -0.176  -0.454  -0.207  -0.494  -0.239
  -0.534  -0.271  -0.572  -0.304  -0.612  -0.338  -0.651  -0.372
  -0.679  -0.408  -0.691  -0.445  -0.707  -0.477  -0.722  -0.507
  -0.734  -0.532  -0.736  -0.554  -0.727  -0.570  -0.716  -0.584
  -0.695  -0.600  -0.664  -0.619  -0.621  -0.638  -0.545  -0.673
  -0.442  -0.723  -0.389  -0.723  -0.354  -0.692  -0.338  -0.629
  -0.285  -0.560  -0.211  -0.496  -0.144  -0.428  -0.042  -0.373
  0.107  -0.298  0.219  -0.230  0.339  -0.167  0.451  -0.092
  0.539  -0.021  0.606  0.042  0.669  0.104  0.764  0.192
  0.902  0.318  1.038  0.461  1.136  0.586  1.245  0.715
  1.284  0.846  1.191  0.982  1.060  1.103  1.020  1.187
  0.995  1.246  0.943  1.281  0.886  1.295
  -0.242  -0.033  -0.265  -0.041  -0.299  -0.068  -0.336  -0.096
  -0.374  -0.126  -0.413  -0.156  -0.452  -0.187  -0.493  -0.220
  -0.535  -0.254  -0.576  -0.288  -0.617  -0.322  -0.658  -0.357
  -0.692  -0.393  -0.714  -0.430  -0.733  -0.465  -0.745  -0.496
  -0.748  -0.524  -0.754  -0.547  -0.755  -0.565  -0.748  -0.580
  -0.734  -0.594  -0.704  -0.612  -0.656  -0.634  -0.603  -0.659
  -0.525  -0.695  -0.436  -0.725  -0.390  -0.702  -0.356  -0.647
  -0.287  -0.583  -0.236  -0.504  -0.174  -0.436  -0.054  -0.370
  0.096  -0.295  0.191  -0.231  0.304  -0.162  0.453  -0.078
  0.548  -0.002  0.636  0.076  0.759  0.181  0.921  0.317
  1.074  0.457  1.224  0.605  1.379  0.751  1.505  0.881
  1.483  1.006  1.317  1.144  1.226  1.256  1.199  1.332
  1.121  1.370  1.045  1.406  0.983  1.423
  -0.255  0.002  -0.278  -0.006  -0.314  -0.033  -0.346  -0.066
  -0.371  -0.105  -0.409  -0.136  -0.449  -0.167  -0.490  -0.200
  -0.532  -0.234  -0.579  -0.270  -0.623  -0.306  -0.664  -0.341
  -0.700  -0.378  -0.725  -0.416  -0.745  -0.452  -0.760  -0.484
  -0.770  -0.513  -0.777  -0.537  -0.775  -0.557  -0.760  -0.572
  -0.748  -0.587  -0.726  -0.604  -0.694  -0.624  -0.655  -0.646
  -0.591  -0.679  -0.489  -0.719  -0.418  -0.709  -0.354  -0.663
  -0.304  -0.583  -0.250  -0.502  -0.182  -0.435  -0.063  -0.362
  0.072  -0.292  0.170  -0.231  0.303  -0.149  0.478  -0.048
  0.628  0.064  0.777  0.183  0.949  0.321  1.143  0.461
  1.332  0.582  1.501  0.709  1.663  0.845  1.758  0.961
  1.705  1.079  1.557  1.210  1.480  1.314  1.397  1.403
  1.283  1.461  1.159  1.509  1.063  1.530
  -0.274  0.044  -0.296  0.036  -0.333  0.008  -0.364  -0.026
  -0.384  -0.069  -0.418  -0.105  -0.445  -0.145  -0.486  -0.179
  -0.529  -0.213  -0.577  -0.250  -0.623  -0.287  -0.665  -0.323
  -0.704  -0.358  -0.735  -0.396  -0.752  -0.436  -0.768  -0.470
  -0.781  -0.500  -0.788  -0.526  -0.789  -0.548  -0.781  -0.565
  -0.767  -0.579  -0.744  -0.592  -0.713  -0.609  -0.667  -0.629
  -0.625  -0.654  -0.551  -0.680  -0.450  -0.696  -0.373  -0.655
  -0.316  -0.574  -0.248  -0.500  -0.171  -0.438  -0.078  -0.356
  0.045  -0.285  0.177  -0.215  0.323  -0.122  0.564  0.009
  0.834  0.150  1.023  0.289  1.202  0.427  1.380  0.548
  1.573  0.658  1.745  0.770  1.883  0.890  1.939  1.002
  1.885  1.121  1.776  1.248  1.681  1.343  1.582  1.431
  1.466  1.505  1.292  1.566  1.153  1.612
  -0.267  0.073  -0.289  0.065  -0.325  0.036  -0.363  0.005
  -0.398  -0.030  -0.433  -0.066  -0.457  -0.110  -0.494  -0.147
  -0.525  -0.190  -0.571  -0.227  -0.618  -0.265  -0.662  -0.301
  -0.702  -0.337  -0.737  -0.375  -0.762  -0.414  -0.782  -0.451
  -0.795  -0.484  -0.798  -0.513  -0.799  -0.537  -0.795  -0.556
  -0.782  -0.571  -0.759  -0.582  -0.726  -0.594  -0.690  -0.609
  -0.647  -0.627  -0.578  -0.658  -0.467  -0.684  -0.384  -0.647
  -0.314  -0.579  -0.241  -0.517  -0.174  -0.428  -0.077  -0.347
  0.036  -0.274  0.195  -0.196  0.437  -0.078  0.759  0.078
  1.106  0.211  1.282  0.342  1.421  0.462  1.555  0.584
  1.692  0.709  1.842  0.832  1.978  0.948  2.033  1.050
  1.992  1.151  1.885  1.255  1.788  1.342  1.705  1.425
  1.577  1.505  1.405  1.579  1.263  1.636
  -0.250  0.096  -0.272  0.088  -0.308  0.060  -0.348  0.030
  -0.389  -0.002  -0.429  -0.036  -0.468  -0.072  -0.507  -0.109
  -0.534  -0.155  -0.578  -0.192  -0.624  -0.233  -0.657  -0.277
  -0.697  -0.314  -0.735  -0.351  -0.766  -0.389  -0.785  -0.431
  -0.801  -0.466  -0.813  -0.497  -0.819  -0.525  -0.816  -0.548
  -0.798  -0.567  -0.776  -0.581  -0.739  -0.594  -0.694  -0.606
  -0.636  -0.633  -0.532  -0.691  -0.440  -0.697  -0.349  -0.665
  -0.256  -0.613  -0.197  -0.538  -0.134  -0.440  -0.028  -0.362
  0.062  -0.273  0.288  -0.170  0.680  -0.029  0.954  0.118
  1.195  0.233  1.371  0.366  1.523  0.494  1.675  0.627
  1.810  0.749  1.929  0.861  2.021  0.961  2.067  1.047
  2.038  1.132  1.953  1.219  1.863  1.304  1.749  1.391
  1.608  1.477  1.452  1.556  1.325  1.611
  -0.231  0.119  -0.253  0.113  -0.290  0.085  -0.330  0.055
  -0.371  0.023  -0.413  -0.009  -0.456  -0.043  -0.499  -0.079
  -0.541  -0.117  -0.587  -0.154  -0.632  -0.195  -0.663  -0.242
  -0.708  -0.281  -0.762  -0.321  -0.798  -0.360  -0.824  -0.402
  -0.844  -0.440  -0.857  -0.481  -0.857  -0.532  -0.850  -0.570
  -0.821  -0.613  -0.792  -0.639  -0.735  -0.669  -0.665  -0.678
  -0.598  -0.693  -0.531  -0.711  -0.443  -0.705  -0.352  -0.675
  -0.245  -0.629  -0.126  -0.569  -0.002  -0.494  0.114  -0.390
  0.238  -0.262  0.465  -0.135  0.807  0.017  1.020  0.143
  1.250  0.262  1.425  0.389  1.582  0.518  1.737  0.646
  1.864  0.751  1.966  0.843  2.036  0.925  2.077  1.004
  2.057  1.087  1.976  1.173  1.874  1.259  1.739  1.346
  1.594  1.432  1.434  1.516  1.301  1.577
  -0.190  0.135  -0.216  0.130  -0.269  0.110  -0.310  0.080
  -0.352  0.050  -0.394  0.017  -0.440  -0.014  -0.505  -0.034
  -0.595  -0.044  -0.646  -0.081  -0.692  -0.124  -0.733  -0.172
  -0.760  -0.234  -0.800  -0.280  -0.833  -0.328  -0.847  -0.395
  -0.870  -0.444  -0.890  -0.487  -0.899  -0.533  -0.888  -0.586
  -0.876  -0.625  -0.849  -0.657  -0.813  -0.678  -0.747  -0.687
  -0.658  -0.694  -0.588  -0.703  -0.513  -0.689  -0.415  -0.661
  -0.287  -0.615  -0.119  -0.543  0.049  -0.458  0.212  -0.359
  0.397  -0.223  0.577  -0.097  0.845  0.036  1.058  0.169
  1.288  0.306  1.456  0.427  1.592  0.535  1.711  0.633
  1.818  0.722  1.908  0.804  1.975  0.882  2.025  0.960
  2.019  1.041  1.940  1.126  1.832  1.211  1.699  1.297
  1.546  1.384  1.362  1.471  1.207  1.535
  -0.164  0.154  -0.187  0.149  -0.230  0.126  -0.272  0.100
  -0.340  0.086  -0.432  0.098  -0.481  0.069  -0.533  0.046
  -0.583  0.008  -0.613  -0.052  -0.653  -0.100  -0.688  -0.156
  -0.726  -0.208  -0.752  -0.270  -0.789  -0.319  -0.824  -0.368
  -0.852  -0.425  -0.871  -0.479  -0.889  -0.524  -0.896  -0.567
  -0.883  -0.609  -0.870  -0.641  -0.844  -0.665  -0.802  -0.678
  -0.735  -0.683  -0.662  -0.688  -0.590  -0.674  -0.492  -0.643
  -0.334  -0.584  -0.138  -0.499  0.045  -0.409  0.229  -0.310
  0.409  -0.202  0.601  -0.081  0.827  0.056  1.056  0.207
  1.248  0.339  1.406  0.445  1.520  0.531  1.613  0.611
  1.698  0.689  1.777  0.768  1.848  0.846  1.902  0.923
  1.906  1.001  1.852  1.082  1.761  1.165  1.632  1.250
  1.455  1.338  1.250  1.425  1.093  1.490
  -0.150  0.174  -0.171  0.169  -0.207  0.153  -0.256  0.169
  -0.345  0.161  -0.417  0.160  -0.459  0.124  -0.486  0.078
  -0.513  0.019  -0.555  -0.020  -0.587  -0.080  -0.629  -0.129
  -0.670  -0.179  -0.711  -0.228  -0.752  -0.275  -0.787  -0.324
  -0.821  -0.379  -0.851  -0.432  -0.875  -0.482  -0.889  -0.532
  -0.895  -0.575  -0.892  -0.613  -0.877  -0.642  -0.840  -0.663
  -0.770  -0.669  -0.717  -0.671  -0.643  -0.654  -0.523  -0.616
  -0.373  -0.553  -0.210  -0.476  -0.024  -0.382  0.160  -0.280
  0.355  -0.167  0.552  -0.046  0.766  0.094  0.974  0.235
  1.127  0.337  1.266  0.427  1.366  0.504  1.448  0.580
  1.528  0.657  1.604  0.735  1.673  0.812  1.724  0.888
  1.746  0.964  1.728  1.042  1.656  1.122  1.517  1.206
  1.327  1.293  1.126  1.379  0.952  1.448
  -0.142  0.200  -0.162  0.202  -0.196  0.222  -0.271  0.239
  -0.340  0.227  -0.379  0.212  -0.402  0.172  -0.422  0.113
  -0.449  0.065  -0.492  0.024  -0.541  0.003  -0.586  -0.041
  -0.633  -0.091  -0.680  -0.143  -0.724  -0.194  -0.765  -0.246
  -0.805  -0.300  -0.840  -0.366  -0.871  -0.422  -0.894  -0.475
  -0.910  -0.526  -0.917  -0.570  -0.909  -0.610  -0.883  -0.637
  -0.820  -0.650  -0.757  -0.653  -0.671  -0.635  -0.564  -0.596
  -0.432  -0.535  -0.273  -0.454  -0.101  -0.359  0.082  -0.252
  0.281  -0.133  0.471  -0.013  0.663  0.111  0.855  0.237
  0.979  0.318  1.090  0.396  1.181  0.472  1.259  0.547
  1.333  0.624  1.406  0.701  1.470  0.778  1.520  0.854
  1.553  0.929  1.557  1.004  1.498  1.082  1.356  1.165
  1.185  1.249  0.972  1.335  0.811  1.406
  -0.113  0.272  -0.138  0.275  -0.208  0.298  -0.271  0.312
  -0.302  0.295  -0.319  0.251  -0.332  0.216  -0.354  0.192
  -0.393  0.151  -0.437  0.125  -0.486  0.081  -0.534  0.031
  -0.582  -0.019  -0.629  -0.061  -0.675  -0.114  -0.719  -0.170
  -0.761  -0.227  -0.800  -0.290  -0.835  -0.351  -0.861  -0.418
  -0.883  -0.475  -0.896  -0.526  -0.898  -0.570  -0.889  -0.605
  -0.869  -0.630  -0.822  -0.641  -0.739  -0.628  -0.636  -0.590
  -0.501  -0.526  -0.336  -0.435  -0.164  -0.331  0.024  -0.217
  0.207  -0.099  0.385  0.016  0.553  0.121  0.694  0.210
  0.803  0.287  0.896  0.362  0.976  0.437  1.049  0.512
  1.118  0.589  1.186  0.666  1.247  0.743  1.295  0.818
  1.332  0.893  1.346  0.967  1.289  1.043  1.150  1.125
  1.003  1.207  0.770  1.294  0.622  1.365
  -0.109  0.350  -0.133  0.352  -0.192  0.368  -0.221  0.368
  -0.239  0.325  -0.248  0.291  -0.259  0.282  -0.290  0.267
  -0.335  0.229  -0.376  0.205  -0.426  0.156  -0.467  0.123
  -0.516  0.071  -0.564  0.015  -0.611  -0.043  -0.655  -0.101
  -0.697  -0.159  -0.740  -0.225  -0.778  -0.287  -0.812  -0.349
  -0.840  -0.409  -0.861  -0.465  -0.875  -0.517  -0.884  -0.563
  -0.874  -0.600  -0.835  -0.621  -0.773  -0.618  -0.684  -0.585
  -0.550  -0.515  -0.399  -0.417  -0.233  -0.307  -0.034  -0.185
  0.135  -0.075  0.282  0.019  0.406  0.101  0.511  0.176
  0.608  0.251  0.688  0.328  0.756  0.403  0.819  0.478
  0.880  0.555  0.940  0.632  0.998  0.708  1.050  0.781
  1.088  0.855  1.108  0.929  1.056  1.004  0.915  1.086
  0.769  1.167  0.537  1.251  0.367  1.324
  -0.094  0.423  -0.114  0.424  -0.143  0.432  -0.146  0.417
  -0.155  0.386  -0.169  0.363  -0.194  0.357  -0.227  0.347
  -0.273  0.306  -0.309  0.282  -0.357  0.236  -0.394  0.204
  -0.438  0.152  -0.475  0.113  -0.523  0.055  -0.570  -0.008
  -0.614  -0.069  -0.657  -0.131  -0.701  -0.201  -0.740  -0.269
  -0.776  -0.340  -0.801  -0.394  -0.829  -0.459  -0.846  -0.514
  -0.848  -0.561  -0.831  -0.593  -0.783  -0.603  -0.706  -0.577
  -0.585  -0.506  -0.443  -0.405  -0.290  -0.294  -0.138  -0.186
  0.004  -0.091  0.125  -0.009  0.231  0.069  0.317  0.142
  0.401  0.219  0.446  0.312  0.496  0.385  0.546  0.460
  0.596  0.537  0.650  0.614  0.711  0.686  0.794  0.742
  0.833  0.816  0.854  0.890  0.806  0.965  0.654  1.046
  0.476  1.129  0.273  1.210  0.117  1.283
  -0.038  0.495  -0.056  0.495  -0.071  0.495  -0.074  0.478
  -0.084  0.455  -0.097  0.441  -0.124  0.440  -0.156  0.430
  -0.205  0.384  -0.234  0.368  -0.261  0.344  -0.306  0.290
  -0.334  0.259  -0.380  0.202  -0.431  0.138  -0.479  0.074
  -0.510  0.032  -0.555  -0.032  -0.611  -0.118  -0.653  -0.186
  -0.689  -0.252  -0.721  -0.316  -0.755  -0.382  -0.782  -0.444
  -0.799  -0.501  -0.802  -0.548  -0.783  -0.580  -0.731  -0.572
  -0.618  -0.504  -0.457  -0.376  -0.328  -0.273  -0.218  -0.185
  -0.127  -0.104  -0.045  -0.026  0.039  0.051  0.107  0.125
  0.168  0.202  0.174  0.305  0.211  0.375  0.249  0.446
  0.295  0.520  0.350  0.595  0.418  0.663  0.530  0.702
  0.568  0.776  0.580  0.850  0.514  0.925  0.354  1.007
  0.158  1.090  0.004  1.167  -0.143  1.238
  0.021  0.538  0.003  0.537  0.003  0.532  0.009  0.535
  0.003  0.522  -0.018  0.521  -0.047  0.520  -0.076  0.511
  -0.128  0.469  -0.149  0.453  -0.166  0.434  -0.206  0.383
  -0.228  0.356  -0.238  0.354  -0.290  0.286  -0.344  0.216
  -0.395  0.145  -0.444  0.075  -0.490  0.004  -0.534  -0.067
  -0.574  -0.137  -0.615  -0.207  -0.654  -0.277  -0.686  -0.344
  -0.713  -0.408  -0.735  -0.470  -0.744  -0.530  -0.727  -0.550
  -0.639  -0.494  -0.505  -0.350  -0.413  -0.258  -0.335  -0.178
  -0.268  -0.101  -0.206  -0.023  -0.157  0.050  -0.113  0.123
  -0.077  0.195  -0.046  0.266  -0.023  0.336  -0.001  0.406
  0.034  0.479  0.087  0.553  0.179  0.607  0.259  0.661
  0.288  0.735  0.262  0.809  0.158  0.888  0.018  0.969
  -0.152  1.047  -0.292  1.120  -0.407  1.186
  0.097  0.599  0.081  0.599  0.095  0.613  0.091  0.602
  0.086  0.602  0.063  0.608  0.014  0.577  -0.009  0.569
  -0.033  0.558  -0.050  0.545  -0.058  0.535  -0.057  0.542
  -0.106  0.478  -0.146  0.436  -0.201  0.362  -0.257  0.293
  -0.310  0.219  -0.360  0.145  -0.406  0.074  -0.448  0.003
  -0.491  -0.068  -0.532  -0.138  -0.567  -0.209  -0.600  -0.276
  -0.624  -0.338  -0.650  -0.406  -0.645  -0.444  -0.665  -0.483
  -0.638  -0.449  -0.572  -0.372  -0.503  -0.291  -0.441  -0.212
  -0.388  -0.135  -0.344  -0.060  -0.306  0.014  -0.275  0.088
  -0.256  0.158  -0.247  0.227  -0.249  0.293  -0.244  0.363
  -0.224  0.437  -0.179  0.511  -0.058  0.546  -0.029  0.619
  -0.022  0.693  -0.105  0.771  -0.211  0.850  -0.338  0.928
  -0.451  1.001  -0.573  1.067  -0.654  1.131
  0.183  0.668  0.166  0.668  0.169  0.668  0.159  0.649
  0.152  0.655  0.132  0.665  0.106  0.659  0.081  0.659
  0.069  0.653  0.061  0.642  0.071  0.662  0.023  0.602
  -0.020  0.555  -0.074  0.488  -0.128  0.413  -0.182  0.339
  -0.234  0.264  -0.283  0.191  -0.328  0.120  -0.373  0.049
  -0.416  -0.022  -0.455  -0.092  -0.487  -0.157  -0.519  -0.223
  -0.517  -0.271  -0.540  -0.332  -0.564  -0.392  -0.593  -0.437
  -0.607  -0.433  -0.588  -0.389  -0.550  -0.321  -0.509  -0.244
  -0.474  -0.168  -0.445  -0.093  -0.433  -0.024  -0.425  0.045
  -0.429  0.113  -0.441  0.182  -0.463  0.249  -0.478  0.320
  -0.484  0.392  -0.452  0.467  -0.346  0.501  -0.354  0.576
  -0.383  0.653  -0.482  0.732  -0.569  0.809  -0.677  0.881
  -0.750  0.947  -0.826  1.011  -0.897  1.068
  0.270  0.735  0.253  0.735  0.255  0.731  0.247  0.713
  0.237  0.725  0.222  0.739  0.203  0.744  0.185  0.750
  0.178  0.746  0.172  0.741  0.149  0.720  0.107  0.674
  0.051  0.607  -0.005  0.532  -0.057  0.457  -0.109  0.383
  -0.159  0.310  -0.207  0.238  -0.254  0.165  -0.300  0.092
  -0.338  0.024  -0.377  -0.045  -0.378  -0.094  -0.408  -0.159
  -0.436  -0.222  -0.462  -0.284  -0.486  -0.345  -0.514  -0.392
  -0.550  -0.407  -0.564  -0.389  -0.564  -0.345  -0.551  -0.278
  -0.541  -0.206  -0.537  -0.136  -0.537  -0.066  -0.544  0.003
  -0.566  0.071  -0.604  0.137  -0.652  0.205  -0.701  0.275
  -0.738  0.346  -0.722  0.420  -0.652  0.458  -0.691  0.531
  -0.751  0.610  -0.829  0.688  -0.905  0.760  -0.964  0.827
  -1.021  0.887  -1.064  0.946  -1.113  0.996
  0.335  0.771  0.318  0.770  0.327  0.768  0.309  0.755
  0.297  0.768  0.281  0.783  0.262  0.793  0.254  0.800
  0.259  0.806  0.272  0.829  0.234  0.793  0.179  0.727
  0.122  0.651  0.066  0.576  0.013  0.501  -0.037  0.427
  -0.084  0.356  -0.133  0.281  -0.176  0.211  -0.223  0.139
  -0.230  0.087  -0.265  0.020  -0.300  -0.047  -0.332  -0.112
  -0.362  -0.177  -0.387  -0.238  -0.412  -0.300  -0.441  -0.351
  -0.482  -0.379  -0.518  -0.379  -0.545  -0.355  -0.563  -0.307
  -0.577  -0.243  -0.593  -0.176  -0.613  -0.109  -0.644  -0.044
  -0.687  0.022  -0.745  0.088  -0.817  0.158  -0.904  0.228
  -0.986  0.300  -0.975  0.359  -0.972  0.413  -1.031  0.485
  -1.086  0.562  -1.142  0.635  -1.189  0.704  -1.213  0.767
  -1.248  0.822  -1.271  0.874  -1.290  0.917
  0.393  0.796  0.376  0.796  0.382  0.799  0.369  0.791
  0.357  0.808  0.348  0.828  0.329  0.840  0.327  0.851
  0.360  0.890  0.345  0.882  0.305  0.840  0.246  0.770
  0.192  0.695  0.139  0.620  0.085  0.545  0.036  0.472
  -0.010  0.401  -0.059  0.326  -0.069  0.273  -0.112  0.203
  -0.154  0.133  -0.192  0.064  -0.228  -0.003  -0.259  -0.068
  -0.288  -0.131  -0.315  -0.193  -0.339  -0.254  -0.368  -0.311
  -0.408  -0.351  -0.457  -0.367  -0.501  -0.359  -0.544  -0.330
  -0.584  -0.278  -0.624  -0.218  -0.662  -0.155  -0.713  -0.093
  -0.777  -0.030  -0.856  0.036  -0.951  0.106  -1.075  0.177
  -1.216  0.251  -1.236  0.298  -1.285  0.364  -1.355  0.435
  -1.389  0.504  -1.417  0.572  -1.436  0.636  -1.448  0.694
  -1.459  0.749  -1.457  0.800  -1.453  0.833
  0.464  0.829  0.448  0.829  0.456  0.841  0.440  0.832
  0.451  0.878  0.442  0.900  0.432  0.913  0.428  0.932
  0.439  0.949  0.428  0.951  0.373  0.889  0.318  0.814
  0.263  0.739  0.211  0.665  0.160  0.591  0.110  0.517
  0.062  0.446  0.014  0.371  0.002  0.317  -0.040  0.247
  -0.081  0.178  -0.118  0.109  -0.153  0.042  -0.186  -0.023
  -0.215  -0.086  -0.240  -0.147  -0.267  -0.210  -0.296  -0.271
  -0.332  -0.321  -0.379  -0.351  -0.433  -0.358  -0.493  -0.345
  -0.552  -0.309  -0.613  -0.256  -0.680  -0.203  -0.749  -0.145
  -0.824  -0.084  -0.919  -0.020  -1.035  0.047  -1.181  0.115
  -1.343  0.181  -1.446  0.239  -1.526  0.306  -1.586  0.372
  -1.617  0.434  -1.631  0.498  -1.640  0.556  -1.642  0.611
  -1.638  0.666  -1.628  0.712  -1.618  0.746
  0.533  0.859  0.520  0.862  0.549  0.897  0.532  0.894
  0.524  0.924  0.512  0.945  0.504  0.959  0.503  0.980
  0.526  1.016  0.497  0.993  0.446  0.934  0.391  0.859
  0.338  0.785  0.285  0.710  0.235  0.636  0.185  0.563
  0.138  0.492  0.092  0.420  0.047  0.349  0.006  0.280
  -0.028  0.220  -0.048  0.154  -0.084  0.086  -0.117  0.021
  -0.143  -0.042  -0.167  -0.103  -0.194  -0.164  -0.223  -0.228
  -0.258  -0.288  -0.300  -0.333  -0.356  -0.358  -0.420  -0.361
  -0.490  -0.338  -0.567  -0.295  -0.649  -0.249  -0.728  -0.198
  -0.815  -0.144  -0.913  -0.087  -1.021  -0.029  -1.168  0.030
  -1.330  0.089  -1.500  0.159  -1.631  0.227  -1.705  0.289
  -1.748  0.347  -1.764  0.407  -1.778  0.466  -1.781  0.522
  -1.775  0.571  -1.765  0.613  -1.754  0.648
  0.598  0.882  0.584  0.884  0.598  0.909  0.605  0.930
  0.582  0.948  0.566  0.968  0.562  0.985  0.575  1.007
  0.577  1.023  0.556  1.010  0.520  0.976  0.466  0.905
  0.413  0.830  0.361  0.756  0.312  0.683  0.262  0.610
  0.215  0.538  0.169  0.466  0.124  0.396  0.082  0.327
  0.043  0.260  0.004  0.192  -0.031  0.125  -0.061  0.063
  -0.073  0.002  -0.096  -0.058  -0.121  -0.118  -0.150  -0.183
  -0.184  -0.249  -0.222  -0.309  -0.272  -0.352  -0.330  -0.372
  -0.400  -0.365  -0.482  -0.335  -0.564  -0.299  -0.641  -0.259
  -0.722  -0.218  -0.803  -0.177  -0.907  -0.132  -1.068  -0.077
  -1.276  -0.010  -1.471  0.061  -1.624  0.127  -1.729  0.189
  -1.800  0.246  -1.839  0.307  -1.862  0.370  -1.870  0.426
  -1.867  0.471  -1.856  0.510  -1.846  0.554
  0.663  0.885  0.647  0.887  0.645  0.911  0.633  0.919
  0.610  0.920  0.590  0.944  0.595  0.970  0.638  1.022
  0.640  1.045  0.629  1.048  0.595  1.015  0.541  0.950
  0.490  0.877  0.437  0.802  0.387  0.729  0.339  0.656
  0.292  0.585  0.246  0.513  0.201  0.443  0.159  0.373
  0.120  0.305  0.080  0.237  0.045  0.171  0.015  0.107
  -0.017  0.042  -0.041  -0.018  -0.062  -0.074  -0.080  -0.140
  -0.114  -0.212  -0.151  -0.284  -0.194  -0.345  -0.244  -0.380
  -0.304  -0.391  -0.369  -0.376  -0.434  -0.359  -0.497  -0.339
  -0.557  -0.321  -0.638  -0.292  -0.763  -0.250  -0.942  -0.193
  -1.171  -0.124  -1.379  -0.058  -1.551  0.009  -1.690  0.076
  -1.796  0.140  -1.870  0.206  -1.910  0.269  -1.927  0.321
  -1.929  0.365  -1.922  0.405  -1.917  0.452
  0.731  0.894  0.715  0.897  0.710  0.925  0.689  0.930
  0.662  0.929  0.649  0.956  0.654  0.973  0.673  1.006
  0.683  1.027  0.698  1.067  0.669  1.050  0.617  0.993
  0.565  0.922  0.515  0.849  0.464  0.775  0.416  0.703
  0.369  0.631  0.323  0.560  0.280  0.490  0.237  0.420
  0.195  0.350  0.157  0.282  0.123  0.215  0.090  0.150
  0.061  0.083  0.039  0.022  0.016  -0.038  -0.016  -0.114
  -0.051  -0.203  -0.089  -0.287  -0.131  -0.354  -0.168  -0.395
  -0.216  -0.424  -0.254  -0.437  -0.275  -0.454  -0.309  -0.463
  -0.375  -0.454  -0.479  -0.422  -0.599  -0.381  -0.782  -0.323
  -1.036  -0.251  -1.265  -0.182  -1.451  -0.114  -1.622  -0.044
  -1.756  0.024  -1.856  0.092  -1.923  0.157  -1.954  0.212
  -1.963  0.258  -1.968  0.305  -1.964  0.351
  0.806  0.884  0.790  0.888  0.780  0.921  0.755  0.932
  0.729  0.935  0.714  0.949  0.715  0.983  0.727  1.015
  0.741  1.024  0.748  1.043  0.729  1.048  0.694  1.018
  0.644  0.962  0.593  0.894  0.543  0.822  0.494  0.750
  0.448  0.678  0.402  0.606  0.358  0.535  0.317  0.464
  0.277  0.392  0.241  0.320  0.205  0.250  0.171  0.182
  0.152  0.104  0.128  0.036  0.107  -0.028  0.079  -0.115
  0.042  -0.209  0.003  -0.293  -0.041  -0.368  -0.081  -0.439
  -0.116  -0.488  -0.128  -0.530  -0.102  -0.583  -0.117  -0.611
  -0.210  -0.590  -0.296  -0.561  -0.426  -0.514  -0.634  -0.453
  -0.912  -0.377  -1.145  -0.306  -1.355  -0.235  -1.543  -0.165
  -1.699  -0.093  -1.817  -0.027  -1.908  0.041  -1.957  0.102
  -1.980  0.156  -1.996  0.206  -1.991  0.251
  0.845  0.854  0.828  0.859  0.822  0.896  0.802  0.903
  0.774  0.910  0.750  0.918  0.748  0.940  0.756  0.976
  0.764  0.980  0.773  1.002  0.774  1.014  0.762  1.000
  0.723  0.977  0.674  0.921  0.625  0.858  0.576  0.789
  0.529  0.717  0.485  0.640  0.443  0.568  0.400  0.496
  0.367  0.410  0.332  0.338  0.298  0.260  0.267  0.187
  0.243  0.108  0.225  0.036  0.200  -0.040  0.179  -0.144
  0.150  -0.241  0.113  -0.331  0.076  -0.418  0.045  -0.499
  0.031  -0.571  0.033  -0.631  0.037  -0.680  0.019  -0.713
  -0.030  -0.715  -0.109  -0.691  -0.269  -0.637  -0.523  -0.569
  -0.785  -0.498  -1.024  -0.428  -1.270  -0.354  -1.467  -0.284
  -1.633  -0.207  -1.763  -0.139  -1.866  -0.070  -1.936  -0.007
  -1.977  0.048  -2.000  0.101  -2.004  0.149
  0.889  0.802  0.876  0.810  0.888  0.866  0.872  0.895
  0.845  0.896  0.819  0.905  0.811  0.923  0.816  0.939
  0.801  0.926  0.794  0.949  0.800  0.967  0.804  0.966
  0.785  0.940  0.745  0.899  0.707  0.851  0.664  0.789
  0.616  0.717  0.573  0.635  0.534  0.561  0.493  0.488
  0.454  0.401  0.419  0.330  0.392  0.261  0.373  0.167
  0.347  0.092  0.332  0.006  0.319  -0.077  0.294  -0.183
  0.270  -0.284  0.241  -0.380  0.217  -0.484  0.199  -0.573
  0.192  -0.653  0.197  -0.723  0.198  -0.775  0.176  -0.807
  0.135  -0.818  0.033  -0.795  -0.141  -0.746  -0.424  -0.675
  -0.681  -0.608  -0.918  -0.541  -1.172  -0.467  -1.375  -0.397
  -1.545  -0.324  -1.691  -0.251  -1.809  -0.181  -1.897  -0.113
  -1.955  -0.051  -1.987  0.004  -2.013  0.055
  0.949  0.782  0.937  0.786  0.948  0.817  0.935  0.856
  0.901  0.872  0.871  0.866  0.846  0.876  0.851  0.886
  0.853  0.894  0.826  0.882  0.831  0.885  0.830  0.902
  0.800  0.867  0.790  0.841  0.757  0.789  0.727  0.743
  0.669  0.665  0.625  0.591  0.608  0.507  0.575  0.431
  0.530  0.336  0.509  0.274  0.488  0.208  0.477  0.129
  0.461  0.056  0.456  -0.027  0.445  -0.127  0.431  -0.240
  0.405  -0.342  0.381  -0.445  0.363  -0.548  0.348  -0.641
  0.342  -0.726  0.344  -0.800  0.346  -0.859  0.323  -0.891
  0.249  -0.895  0.110  -0.873  -0.071  -0.832  -0.341  -0.769
  -0.600  -0.706  -0.847  -0.639  -1.085  -0.573  -1.289  -0.502
  -1.455  -0.431  -1.605  -0.357  -1.732  -0.286  -1.848  -0.213
  -1.928  -0.143  -1.973  -0.087  -2.008  -0.046
  1.000  0.734  0.984  0.738  0.988  0.774  1.012  0.818
  0.986  0.840  0.928  0.818  0.884  0.822  0.875  0.841
  0.882  0.842  0.858  0.816  0.857  0.820  0.860  0.812
  0.837  0.778  0.825  0.760  0.795  0.700  0.755  0.639
  0.716  0.577  0.678  0.507  0.644  0.419  0.613  0.345
  0.588  0.278  0.589  0.221  0.592  0.148  0.605  0.060
  0.599  -0.012  0.586  -0.086  0.577  -0.181  0.559  -0.287
  0.539  -0.399  0.514  -0.507  0.498  -0.609  0.483  -0.703
  0.477  -0.787  0.471  -0.858  0.459  -0.918  0.427  -0.950
  0.313  -0.952  0.159  -0.938  -0.031  -0.902  -0.284  -0.849
  -0.531  -0.792  -0.797  -0.726  -1.030  -0.661  -1.223  -0.591
  -1.376  -0.524  -1.513  -0.457  -1.632  -0.388  -1.752  -0.318
  -1.849  -0.253  -1.922  -0.197  -1.982  -0.152
  1.042  0.709  1.030  0.711  1.041  0.733  1.032  0.759
  1.046  0.788  1.008  0.797  0.946  0.774  0.916  0.783
  0.916  0.779  0.893  0.754  0.881  0.757  0.858  0.731
  0.853  0.705  0.829  0.666  0.792  0.614  0.758  0.555
  0.729  0.472  0.695  0.398  0.660  0.324  0.641  0.236
  0.636  0.154  0.652  0.081  0.655  0.022  0.675  -0.038
  0.701  -0.092  0.718  -0.154  0.708  -0.248  0.674  -0.348
  0.650  -0.444  0.625  -0.555  0.603  -0.661  0.585  -0.753
  0.573  -0.836  0.554  -0.904  0.522  -0.959  0.476  -0.992
  0.351  -0.998  0.183  -0.988  -0.015  -0.959  -0.234  -0.918
  -0.472  -0.867  -0.726  -0.807  -0.976  -0.737  -1.163  -0.668
  -1.305  -0.606  -1.433  -0.542  -1.550  -0.477  -1.662  -0.419
  -1.768  -0.364  -1.855  -0.312  -1.925  -0.263
  1.005  0.654  0.999  0.658  1.048  0.686  1.069  0.702
  1.070  0.709  1.069  0.736  1.022  0.718  0.974  0.720
  0.959  0.710  0.939  0.688  0.919  0.691  0.890  0.663
  0.862  0.623  0.858  0.591  0.838  0.540  0.818  0.465
  0.799  0.379  0.764  0.290  0.717  0.175  0.694  0.102
  0.698  0.049  0.703  -0.025  0.688  -0.098  0.745  -0.130
  0.780  -0.176  0.792  -0.241  0.773  -0.326  0.737  -0.414
  0.727  -0.492  0.687  -0.587  0.662  -0.692  0.643  -0.791
  0.619  -0.872  0.591  -0.942  0.550  -0.992  0.478  -1.022
  0.344  -1.033  0.179  -1.026  -0.013  -1.005  -0.218  -0.972
  -0.443  -0.928  -0.693  -0.871  -0.935  -0.802  -1.111  -0.735
  -1.241  -0.673  -1.356  -0.615  -1.474  -0.559  -1.586  -0.509
  -1.694  -0.462  -1.789  -0.414  -1.862  -0.372
  0.916  0.577  0.910  0.581  0.978  0.614  1.029  0.635
  1.054  0.645  1.077  0.656  1.072  0.651  1.028  0.647
  0.990  0.623  0.983  0.608  0.944  0.600  0.930  0.583
  0.910  0.541  0.890  0.470  0.887  0.376  0.872  0.286
  0.846  0.214  0.816  0.135  0.785  0.066  0.761  0.006
  0.735  -0.063  0.733  -0.125  0.749  -0.167  0.773  -0.207
  0.774  -0.267  0.782  -0.327  0.771  -0.397  0.757  -0.470
  0.732  -0.546  0.695  -0.625  0.677  -0.705  0.671  -0.810
  0.642  -0.896  0.592  -0.963  0.534  -1.011  0.432  -1.041
  0.287  -1.054  0.157  -1.055  -0.018  -1.044  -0.233  -1.015
  -0.472  -0.972  -0.704  -0.919  -0.903  -0.857  -1.061  -0.793
  -1.183  -0.734  -1.283  -0.685  -1.395  -0.637  -1.509  -0.591
  -1.622  -0.546  -1.728  -0.501  -1.810  -0.463
  0.775  0.479  0.766  0.481  0.842  0.515  0.933  0.552
  1.006  0.579  1.038  0.576  1.060  0.570  1.046  0.551
  1.039  0.537  1.047  0.506  1.015  0.468  0.983  0.428
  0.967  0.371  0.952  0.305  0.927  0.235  0.897  0.170
  0.860  0.104  0.813  0.025  0.767  -0.055  0.722  -0.124
  0.687  -0.181  0.681  -0.223  0.716  -0.248  0.742  -0.285
  0.725  -0.341  0.715  -0.400  0.715  -0.461  0.690  -0.530
  0.686  -0.598  0.667  -0.666  0.637  -0.735  0.645  -0.815
  0.617  -0.905  0.541  -0.976  0.471  -1.026  0.390  -1.059
  0.255  -1.074  0.138  -1.080  -0.043  -1.071  -0.280  -1.043
  -0.504  -1.006  -0.690  -0.961  -0.858  -0.902  -1.009  -0.843
  -1.126  -0.791  -1.220  -0.749  -1.328  -0.706  -1.446  -0.662
  -1.565  -0.617  -1.678  -0.574  -1.765  -0.536
  0.619  0.376  0.607  0.376  0.674  0.403  0.733  0.413
  0.785  0.420  0.860  0.420  0.944  0.418  0.996  0.415
  1.062  0.404  1.068  0.355  1.021  0.301  1.015  0.258
  0.998  0.222  0.965  0.187  0.931  0.147  0.891  0.086
  0.834  0.003  0.724  -0.087  0.662  -0.154  0.631  -0.215
  0.582  -0.267  0.559  -0.306  0.580  -0.337  0.628  -0.368
  0.643  -0.412  0.588  -0.474  0.565  -0.534  0.576  -0.591
  0.614  -0.647  0.641  -0.706  0.616  -0.768  0.585  -0.830
  0.543  -0.899  0.494  -0.973  0.434  -1.037  0.364  -1.077
  0.233  -1.091  0.091  -1.095  -0.111  -1.086  -0.327  -1.064
  -0.509  -1.031  -0.668  -0.989  -0.818  -0.937  -0.956  -0.885
  -1.065  -0.842  -1.157  -0.806  -1.252  -0.769  -1.364  -0.730
  -1.484  -0.688  -1.602  -0.645  -1.707  -0.605
  0.570  0.310  0.553  0.307  0.560  0.305  0.595  0.290
  0.652  0.270  0.723  0.252  0.786  0.249  0.874  0.246
  0.925  0.222  0.970  0.214  0.956  0.192  0.908  0.153
  0.863  0.116  0.826  0.082  0.783  0.028  0.733  -0.036
  0.655  -0.111  0.590  -0.189  0.556  -0.247  0.523  -0.298
  0.461  -0.351  0.409  -0.394  0.436  -0.421  0.468  -0.452
  0.476  -0.493  0.443  -0.545  0.408  -0.600  0.433  -0.650
  0.464  -0.700  0.534  -0.749  0.539  -0.804  0.534  -0.857
  0.498  -0.909  0.439  -0.964  0.365  -1.026  0.293  -1.070
  0.164  -1.091  -0.003  -1.093  -0.173  -1.089  -0.330  -1.078
  -0.482  -1.048  -0.625  -1.013  -0.756  -0.972  -0.882  -0.929
  -0.995  -0.890  -1.094  -0.856  -1.179  -0.826  -1.282  -0.790
  -1.406  -0.750  -1.533  -0.708  -1.659  -0.665
  0.587  0.255  0.569  0.249  0.569  0.219  0.588  0.176
  0.615  0.136  0.654  0.123  0.711  0.115  0.763  0.112
  0.769  0.101  0.776  0.090  0.757  0.068  0.756  0.053
  0.739  0.032  0.676  -0.009  0.616  -0.069  0.554  -0.150
  0.469  -0.227  0.410  -0.288  0.370  -0.344  0.333  -0.395
  0.305  -0.438  0.314  -0.462  0.337  -0.486  0.353  -0.518
  0.336  -0.561  0.303  -0.608  0.295  -0.655  0.308  -0.701
  0.330  -0.748  0.382  -0.794  0.409  -0.842  0.442  -0.888
  0.416  -0.933  0.351  -0.975  0.256  -1.013  0.170  -1.045
  0.057  -1.067  -0.054  -1.073  -0.164  -1.081  -0.288  -1.078
  -0.418  -1.059  -0.549  -1.034  -0.677  -1.003  -0.803  -0.968
  -0.925  -0.932  -1.030  -0.900  -1.116  -0.872  -1.212  -0.842
  -1.332  -0.806  -1.464  -0.766  -1.596  -0.723
  0.655  0.165  0.639  0.158  0.648  0.124  0.662  0.079
  0.654  0.052  0.637  0.038  0.630  0.027  0.625  0.017
  0.634  0.013  0.620  -0.005  0.585  -0.031  0.561  -0.053
  0.536  -0.077  0.493  -0.126  0.443  -0.187  0.396  -0.247
  0.346  -0.306  0.271  -0.370  0.205  -0.440  0.171  -0.487
  0.161  -0.515  0.176  -0.536  0.198  -0.559  0.218  -0.587
  0.233  -0.620  0.244  -0.658  0.258  -0.698  0.273  -0.741
  0.315  -0.783  0.348  -0.827  0.365  -0.873  0.379  -0.917
  0.344  -0.959  0.278  -0.997  0.203  -1.029  0.131  -1.053
  0.051  -1.065  -0.029  -1.070  -0.119  -1.080  -0.228  -1.081
  -0.348  -1.070  -0.474  -1.053  -0.601  -1.030  -0.728  -1.002
  -0.854  -0.971  -0.967  -0.940  -1.065  -0.914  -1.155  -0.888
  -1.269  -0.856  -1.403  -0.818  -1.540  -0.776
  0.756  0.071  0.738  0.066  0.725  0.050  0.708  0.031
  0.681  0.015  0.651  0.001  0.627  -0.012  0.608  -0.025
  0.583  -0.045  0.547  -0.071  0.519  -0.093  0.499  -0.112
  0.476  -0.136  0.435  -0.184  0.386  -0.246  0.338  -0.306
  0.280  -0.380  0.227  -0.446  0.184  -0.498  0.154  -0.539
  0.168  -0.557  0.197  -0.573  0.219  -0.597  0.240  -0.625
  0.260  -0.658  0.279  -0.694  0.297  -0.733  0.312  -0.776
  0.333  -0.819  0.352  -0.864  0.368  -0.908  0.378  -0.951
  0.340  -0.992  0.272  -1.030  0.202  -1.062  0.130  -1.086
  0.056  -1.097  -0.021  -1.104  -0.103  -1.109  -0.195  -1.110
  -0.309  -1.105  -0.433  -1.092  -0.559  -1.073  -0.687  -1.050
  -0.816  -1.022  -0.943  -0.992  -1.051  -0.965  -1.143  -0.941
  -1.257  -0.911  -1.393  -0.874  -1.534  -0.833
0.508436  5.089494  51  0.508436  5.089494  51
1.006817  -0.001704  -0.019086  0.998684  -0.575 0.456
  -0.372  -0.235  -0.392  -0.248  -0.415  -0.272  -0.439  -0.296
  -0.470  -0.324  -0.515  -0.358  -0.545  -0.386  -0.556  -0.412
  -0.551  -0.437  -0.542  -0.459  -0.511  -0.475  -0.474  -0.486
  -0.450  -0.496  -0.423  -0.503  -0.391  -0.506  -0.351  -0.509
  -0.278  -0.519  -0.191  -0.535  -0.111  -0.562  0.014  -0.629
  0.099  -0.676  0.067  -0.635  0.038  -0.590  0.009  -0.544
  -0.044  -0.482  -0.033  -0.440  0.070  -0.408  0.169  -0.373
  0.213  -0.343  0.339  -0.294  0.464  -0.240  0.546  -0.184
  0.617  -0.132  0.675  -0.085  0.700  -0.057  0.725  -0.026
  0.775  0.021  0.807  0.059  0.820  0.085  0.846  0.122
  0.879  0.166  0.872  0.184  0.837  0.186  0.835  0.212
  0.855  0.254  0.849  0.292  0.823  0.325  0.817  0.362
  0.799  0.410  0.655  0.505  0.429  0.626
  -0.364  -0.238  -0.385  -0.249  -0.405  -0.270  -0.428  -0.293
  -0.453  -0.318  -0.496  -0.349  -0.529  -0.378  -0.547  -0.406
  -0.548  -0.433  -0.546  -0.458  -0.534  -0.477  -0.518  -0.493
  -0.500  -0.505  -0.464  -0.511  -0.421  -0.513  -0.384  -0.517
  -0.338  -0.524  -0.287  -0.536  -0.221  -0.551  -0.084  -0.622
  0.036  -0.683  0.055  -0.676  0.027  -0.632  -0.041  -0.561
  -0.082  -0.500  -0.074  -0.460  0.010  -0.428  0.110  -0.394
  0.165  -0.363  0.283  -0.316  0.425  -0.253  0.509  -0.196
  0.574  -0.148  0.636  -0.099  0.667  -0.067  0.699  -0.033
  0.749  0.014  0.766  0.042  0.785  0.073  0.828  0.121
  0.848  0.156  0.833  0.169  0.816  0.183  0.829  0.218
  0.845  0.261  0.822  0.296  0.800  0.331  0.802  0.373
  0.738  0.440  0.552  0.551  0.399  0.672
  -0.339  -0.214  -0.360  -0.225  -0.382  -0.247  -0.412  -0.274
  -0.436  -0.298  -0.472  -0.327  -0.511  -0.357  -0.545  -0.388
  -0.549  -0.415  -0.541  -0.443  -0.540  -0.467  -0.535  -0.488
  -0.523  -0.503  -0.503  -0.514  -0.480  -0.521  -0.453  -0.527
  -0.418  -0.531  -0.360  -0.543  -0.283  -0.559  -0.205  -0.590
  -0.086  -0.651  -0.002  -0.690  -0.027  -0.650  -0.094  -0.582
  -0.109  -0.536  -0.103  -0.496  -0.084  -0.454  0.012  -0.421
  0.114  -0.383  0.223  -0.336  0.365  -0.273  0.458  -0.217
  0.529  -0.165  0.586  -0.120  0.625  -0.084  0.671  -0.041
  0.728  0.010  0.751  0.041  0.772  0.074  0.814  0.121
  0.821  0.146  0.796  0.154  0.799  0.182  0.824  0.227
  0.824  0.268  0.803  0.304  0.799  0.342  0.788  0.390
  0.669  0.477  0.480  0.594  0.422  0.711
  -0.316  -0.191  -0.337  -0.202  -0.364  -0.227  -0.396  -0.254
  -0.423  -0.281  -0.455  -0.309  -0.499  -0.340  -0.535  -0.370
  -0.550  -0.398  -0.555  -0.427  -0.560  -0.454  -0.551  -0.477
  -0.535  -0.496  -0.523  -0.511  -0.507  -0.522  -0.487  -0.530
  -0.459  -0.537  -0.423  -0.548  -0.378  -0.561  -0.321  -0.577
  -0.194  -0.636  -0.072  -0.694  -0.082  -0.666  -0.106  -0.617
  -0.119  -0.576  -0.146  -0.519  -0.133  -0.478  -0.051  -0.443
  0.058  -0.402  0.146  -0.354  0.276  -0.296  0.409  -0.235
  0.480  -0.184  0.527  -0.145  0.570  -0.107  0.640  -0.051
  0.697  -0.001  0.727  0.035  0.762  0.075  0.806  0.124
  0.815  0.152  0.794  0.163  0.798  0.192  0.820  0.237
  0.806  0.276  0.787  0.313  0.793  0.357  0.748  0.419
  0.613  0.514  0.476  0.633  0.450  0.750
  -0.303  -0.174  -0.324  -0.185  -0.354  -0.211  -0.386  -0.239
  -0.416  -0.266  -0.448  -0.294  -0.486  -0.324  -0.524  -0.354
  -0.554  -0.382  -0.566  -0.412  -0.562  -0.440  -0.564  -0.466
  -0.564  -0.489  -0.561  -0.508  -0.541  -0.521  -0.514  -0.531
  -0.494  -0.542  -0.467  -0.555  -0.431  -0.570  -0.377  -0.585
  -0.302  -0.613  -0.189  -0.664  -0.109  -0.697  -0.116  -0.660
  -0.162  -0.598  -0.174  -0.554  -0.161  -0.512  -0.130  -0.465
  -0.033  -0.427  0.091  -0.376  0.215  -0.316  0.350  -0.254
  0.432  -0.203  0.479  -0.164  0.538  -0.117  0.613  -0.059
  0.659  -0.016  0.696  0.024  0.750  0.077  0.785  0.120
  0.786  0.143  0.779  0.164  0.797  0.202  0.819  0.248
  0.806  0.288  0.788  0.326  0.789  0.372  0.718  0.444
  0.560  0.549  0.451  0.674  0.454  0.779
  -0.294  -0.159  -0.315  -0.170  -0.346  -0.196  -0.377  -0.223
  -0.411  -0.252  -0.443  -0.280  -0.477  -0.308  -0.514  -0.338
  -0.549  -0.368  -0.572  -0.398  -0.581  -0.427  -0.590  -0.455
  -0.589  -0.480  -0.575  -0.500  -0.569  -0.518  -0.561  -0.533
  -0.550  -0.546  -0.534  -0.559  -0.492  -0.574  -0.428  -0.592
  -0.364  -0.616  -0.260  -0.664  -0.166  -0.708  -0.163  -0.678
  -0.182  -0.632  -0.189  -0.594  -0.206  -0.538  -0.179  -0.490
  -0.089  -0.449  0.048  -0.393  0.134  -0.340  0.262  -0.278
  0.372  -0.229  0.426  -0.187  0.507  -0.127  0.579  -0.071
  0.629  -0.025  0.682  0.025  0.739  0.079  0.761  0.114
  0.751  0.131  0.762  0.164  0.794  0.214  0.804  0.258
  0.791  0.298  0.789  0.340  0.783  0.388  0.687  0.470
  0.524  0.596  0.461  0.720  0.469  0.797
  -0.285  -0.143  -0.306  -0.153  -0.337  -0.180  -0.371  -0.208
  -0.404  -0.236  -0.435  -0.264  -0.467  -0.292  -0.504  -0.322
  -0.544  -0.353  -0.570  -0.384  -0.584  -0.415  -0.595  -0.444
  -0.603  -0.471  -0.606  -0.494  -0.608  -0.515  -0.598  -0.532
  -0.579  -0.545  -0.568  -0.561  -0.543  -0.575  -0.507  -0.591
  -0.457  -0.608  -0.352  -0.654  -0.236  -0.710  -0.196  -0.706
  -0.196  -0.674  -0.233  -0.618  -0.232  -0.570  -0.208  -0.527
  -0.140  -0.470  -0.001  -0.411  0.092  -0.358  0.202  -0.301
  0.315  -0.248  0.391  -0.198  0.478  -0.135  0.538  -0.086
  0.591  -0.038  0.666  0.025  0.719  0.077  0.735  0.108
  0.739  0.134  0.763  0.176  0.793  0.226  0.790  0.269
  0.776  0.310  0.787  0.357  0.750  0.419  0.611  0.516
  0.486  0.638  0.491  0.748  0.483  0.809
  -0.273  -0.125  -0.295  -0.135  -0.328  -0.162  -0.362  -0.190
  -0.395  -0.218  -0.429  -0.247  -0.461  -0.275  -0.496  -0.305
  -0.536  -0.337  -0.573  -0.368  -0.596  -0.401  -0.600  -0.433
  -0.609  -0.461  -0.617  -0.486  -0.622  -0.509  -0.625  -0.529
  -0.623  -0.547  -0.617  -0.562  -0.602  -0.575  -0.566  -0.591
  -0.509  -0.610  -0.444  -0.636  -0.349  -0.682  -0.258  -0.717
  -0.247  -0.694  -0.252  -0.648  -0.241  -0.606  -0.246  -0.546
  -0.199  -0.486  -0.079  -0.431  0.054  -0.373  0.133  -0.322
  0.240  -0.268  0.361  -0.209  0.447  -0.145  0.516  -0.089
  0.575  -0.038  0.653  0.027  0.698  0.074  0.704  0.099
  0.723  0.136  0.763  0.189  0.783  0.238  0.779  0.282
  0.784  0.328  0.796  0.388  0.729  0.476  0.572  0.584
  0.504  0.696  0.528  0.799  0.512  0.846
  -0.267  -0.108  -0.289  -0.118  -0.321  -0.144  -0.354  -0.172
  -0.388  -0.200  -0.423  -0.229  -0.458  -0.259  -0.494  -0.289
  -0.531  -0.320  -0.570  -0.352  -0.601  -0.386  -0.617  -0.419
  -0.632  -0.450  -0.638  -0.478  -0.635  -0.502  -0.642  -0.524
  -0.644  -0.543  -0.642  -0.559  -0.633  -0.575  -0.611  -0.591
  -0.579  -0.609  -0.534  -0.626  -0.441  -0.667  -0.324  -0.718
  -0.282  -0.718  -0.263  -0.684  -0.284  -0.625  -0.281  -0.562
  -0.233  -0.505  -0.126  -0.447  0.008  -0.388  0.088  -0.340
  0.189  -0.288  0.335  -0.216  0.421  -0.153  0.489  -0.097
  0.560  -0.037  0.642  0.031  0.693  0.081  0.704  0.110
  0.726  0.149  0.767  0.204  0.785  0.259  0.792  0.315
  0.823  0.377  0.833  0.466  0.764  0.584  0.655  0.705
  0.617  0.818  0.616  0.900  0.592  0.936
  -0.261  -0.090  -0.283  -0.100  -0.315  -0.126  -0.349  -0.154
  -0.384  -0.182  -0.420  -0.212  -0.456  -0.242  -0.493  -0.273
  -0.530  -0.304  -0.569  -0.336  -0.606  -0.369  -0.631  -0.403
  -0.640  -0.438  -0.652  -0.468  -0.664  -0.495  -0.676  -0.520
  -0.675  -0.540  -0.665  -0.557  -0.658  -0.573  -0.643  -0.590
  -0.617  -0.609  -0.576  -0.627  -0.512  -0.650  -0.421  -0.690
  -0.337  -0.725  -0.311  -0.699  -0.327  -0.641  -0.306  -0.587
  -0.244  -0.529  -0.179  -0.463  -0.060  -0.404  0.062  -0.348
  0.162  -0.292  0.304  -0.219  0.398  -0.158  0.461  -0.105
  0.549  -0.034  0.627  0.032  0.673  0.080  0.697  0.117
  0.740  0.171  0.802  0.243  0.851  0.323  0.896  0.408
  0.947  0.495  0.946  0.608  0.848  0.736  0.759  0.859
  0.746  0.963  0.717  1.012  0.681  1.041
  -0.254  -0.071  -0.276  -0.081  -0.310  -0.107  -0.345  -0.135
  -0.382  -0.165  -0.419  -0.194  -0.456  -0.225  -0.494  -0.256
  -0.532  -0.288  -0.570  -0.320  -0.609  -0.354  -0.641  -0.388
  -0.660  -0.424  -0.677  -0.456  -0.689  -0.487  -0.694  -0.514
  -0.701  -0.537  -0.703  -0.556  -0.701  -0.572  -0.690  -0.587
  -0.661  -0.605  -0.613  -0.626  -0.558  -0.648  -0.478  -0.686
  -0.388  -0.727  -0.358  -0.709  -0.350  -0.665  -0.314  -0.619
  -0.274  -0.545  -0.201  -0.475  -0.104  -0.418  0.012  -0.364
  0.122  -0.299  0.249  -0.227  0.377  -0.161  0.454  -0.101
  0.543  -0.028  0.610  0.032  0.647  0.075  0.695  0.129
  0.788  0.219  0.893  0.330  0.969  0.436  1.053  0.547
  1.122  0.661  1.084  0.781  0.948  0.907  0.872  1.017
  0.864  1.099  0.831  1.144  0.792  1.173
  -0.249  -0.052  -0.271  -0.062  -0.305  -0.088  -0.341  -0.116
  -0.378  -0.146  -0.416  -0.176  -0.454  -0.207  -0.494  -0.239
  -0.534  -0.271  -0.572  -0.304  -0.612  -0.338  -0.651  -0.372
  -0.679  -0.408  -0.691  -0.445  -0.707  -0.477  -0.722  -0.507
  -0.734  -0.532  -0.736  -0.554  -0.727  -0.570  -0.716  -0.584
  -0.695  -0.600  -0.664  -0.619  -0.621  -0.638  -0.545  -0.673
  -0.442  -0.723  -0.389  -0.723  -0.354  -0.692  -0.338  -0.629
  -0.285  -0.560  -0.211  -0.496  -0.144  -0.428  -0.042  -0.373
  0.107  -0.298  0.219  -0.230  0.339  -0.167  0.451  -0.092
  0.539  -0.021  0.606  0.042  0.669  0.104  0.764  0.191
  0.902  0.318  1.038  0.461  1.136  0.586  1.245  0.715
  1.284  0.846  1.191  0.982  1.060  1.103  1.020  1.187
  0.995  1.246  0.943  1.281  0.886  1.295
  -0.242  -0.033  -0.265  -0.041  -0.299  -0.068  -0.336  -0.096
  -0.374  -0.126  -0.413  -0.156  -0.452  -0.187  -0.493  -0.220
  -0.535  -0.254  -0.576  -0.288  -0.617  -0.322  -0.658  -0.357
  -0.692  -0.393  -0.714  -0.430  -0.733  -0.465  -0.745  -0.496
  -0.748  -0.524  -0.754  -0.547  -0.755  -0.565  -0.748  -0.580
  -0.734  -0.594  -0.704  -0.612  -0.656  -0.634  -0.603  -0.659
  -0.525  -0.695  -0.436  -0.725  -0.390  -0.702  -0.356  -0.647
  -0.287  -0.583  -0.236  -0.504  -0.174  -0.436  -0.054  -0.370
  0.096  -0.295  0.191  -0.231  0.304  -0.162  0.453  -0.078
  0.548  -0.002  0.636  0.076  0.759  0.181  0.921  0.317
  1.074  0.457  1.224  0.605  1.379  0.751  1.505  0.881
  1.483  1.006  1.317  1.144  1.226  1.256  1.199  1.332
  1.121  1.370  1.045  1.406  0.983  1.423
  -0.255  0.002  -0.278  -0.006  -0.314  -0.033  -0.346  -0.066
  -0.371  -0.105  -0.409  -0.136  -0.449  -0.167  -0.490  -0.200
  -0.532  -0.234  -0.579  -0.270  -0.623  -0.306  -0.664  -0.341
  -0.700  -0.378  -0.725  -0.416  -0.745  -0.452  -0.760  -0.484
  -0.770  -0.513  -0.777  -0.537  -0.775  -0.557  -0.760  -0.572
  -0.748  -0.587  -0.726  -0.604  -0.694  -0.624  -0.655  -0.646
  -0.591  -0.679  -0.489  -0.719  -0.418  -0.709  -0.354  -0.663
  -0.304  -0.583  -0.250  -0.502  -0.182  -0.435  -0.063  -0.362
  0.072  -0.292  0.170  -0.231  0.303  -0.149  0.478  -0.048
  0.628  0.064  0.777  0.183  0.949  0.321  1.143  0.461
  1.332  0.582  1.501  0.709  1.663  0.845  1.758  0.961
  1.705  1.079  1.557  1.210  1.480  1.314  1.397  1.403
  1.283  1.461  1.159  1.509  1.063  1.530
  -0.274  0.044  -0.296  0.036  -0.333  0.008  -0.364  -0.026
  -0.384  -0.069  -0.418  -0.105  -0.445  -0.145  -0.486  -0.179
  -0.529  -0.213  -0.577  -0.250  -0.623  -0.287  -0.665  -0.323
  -0.704  -0.358  -0.735  -0.396  -0.752  -0.436  -0.768  -0.470
  -0.781  -0.500  -0.788  -0.526  -0.789  -0.548  -0.781  -0.565
  -0.767  -0.579  -0.744  -0.592  -0.713  -0.609  -0.667  -0.629
  -0.625  -0.654  -0.551  -0.680  -0.450  -0.696  -0.373  -0.655
  -0.316  -0.574  -0.248  -0.500  -0.171  -0.438  -0.078  -0.356
  0.045  -0.285  0.177  -0.215  0.323  -0.122  0.564  0.009
  0.834  0.150  1.023  0.289  1.202  0.427  1.380  0.548
  1.573  0.658  1.745  0.770  1.883  0.890  1.939  1.002
  1.885  1.121  1.776  1.248  1.681  1.343  1.582  1.431
  1.466  1.505  1.292  1.566  1.153  1.612
  -0.267  0.073  -0.289  0.065  -0.325  0.036  -0.363  0.005
  -0.398  -0.030  -0.433  -0.066  -0.457  -0.110  -0.494  -0.147
  -0.525  -0.190  -0.571  -0.227  -0.618  -0.265  -0.662  -0.301
  -0.702  -0.337  -0.737  -0.375  -0.762  -0.414  -0.782  -0.451
  -0.795  -0.484  -0.798  -0.513  -0.799  -0.537  -0.795  -0.556
  -0.782  -0.571  -0.759  -0.582  -0.726  -0.594  -0.690  -0.609
  -0.647  -0.627  -0.578  -0.657  -0.467  -0.684  -0.384  -0.647
  -0.314  -0.579  -0.241  -0.517  -0.174  -0.428  -0.077  -0.347
  0.036  -0.274  0.195  -0.196  0.437  -0.078  0.759  0.078
  1.106  0.211  1.282  0.342  1.420  0.462  1.555  0.584
  1.692  0.709  1.842  0.832  1.978  0.948  2.033  1.050
  1.992  1.151  1.885  1.255  1.788  1.342  1.705  1.425
  1.577  1.505  1.405  1.579  1.263  1.636
  -0.250  0.096  -0.272  0.088  -0.308  0.060  -0.348  0.030
  -0.389  -0.002  -0.429  -0.036  -0.468  -0.072  -0.507  -0.109
  -0.534  -0.155  -0.578  -0.192  -0.624  -0.233  -0.657  -0.277
  -0.697  -0.314  -0.735  -0.351  -0.766  -0.389  -0.785  -0.431
  -0.801  -0.466  -0.813  -0.497  -0.819  -0.525  -0.816  -0.548
  -0.798  -0.567  -0.776  -0.581  -0.739  -0.594  -0.694  -0.606
  -0.636  -0.633  -0.532  -0.691  -0.440  -0.697  -0.349  -0.665
  -0.256  -0.613  -0.197  -0.538  -0.134  -0.440  -0.028  -0.362
  0.061  -0.273  0.288  -0.170  0.680  -0.029  0.954  0.118
  1.195  0.233  1.371  0.366  1.523  0.494  1.675  0.627
  1.810  0.749  1.929  0.861  2.021  0.961  2.067  1.047
  2.038  1.132  1.953  1.219  1.863  1.304  1.749  1.391
  1.608  1.477  1.452  1.556  1.325  1.611
  -0.231  0.119  -0.253  0.113  -0.290  0.085  -0.330  0.055
  -0.371  0.023  -0.413  -0.009  -0.456  -0.043  -0.499  -0.079
  -0.541  -0.117  -0.587  -0.154  -0.632  -0.195  -0.663  -0.242
  -0.708  -0.281  -0.762  -0.321  -0.798  -0.360  -0.824  -0.402
  -0.844  -0.440  -0.857  -0.481  -0.857  -0.532  -0.850  -0.570
  -0.820  -0.613  -0.792  -0.639  -0.735  -0.669  -0.665  -0.678
  -0.598  -0.693  -0.531  -0.711  -0.443  -0.705  -0.352  -0.675
  -0.245  -0.629  -0.126  -0.569  -0.002  -0.494  0.114  -0.390
  0.238  -0.262  0.465  -0.135  0.807  0.017  1.020  0.143
  1.250  0.262  1.425  0.389  1.582  0.518  1.737  0.646
  1.864  0.751  1.966  0.843  2.036  0.925  2.077  1.004
  2.057  1.087  1.976  1.173  1.874  1.259  1.739  1.346
  1.594  1.432  1.434  1.516  1.301  1.577
  -0.190  0.135  -0.216  0.130  -0.269  0.110  -0.310  0.080
  -0.352  0.050  -0.394  0.017  -0.439  -0.014  -0.505  -0.034
  -0.595  -0.044  -0.646  -0.081  -0.692  -0.124  -0.733  -0.172
  -0.760  -0.234  -0.800  -0.280  -0.833  -0.328  -0.847  -0.395
  -0.870  -0.444  -0.890  -0.487  -0.899  -0.533  -0.888  -0.586
  -0.876  -0.625  -0.849  -0.657  -0.813  -0.678  -0.747  -0.687
  -0.658  -0.694  -0.588  -0.703  -0.513  -0.689  -0.415  -0.661
  -0.287  -0.615  -0.119  -0.543  0.049  -0.458  0.212  -0.358
  0.397  -0.223  0.577  -0.097  0.845  0.036  1.058  0.169
  1.288  0.306  1.456  0.427  1.592  0.535  1.711  0.633
  1.818  0.722  1.908  0.804  1.975  0.882  2.025  0.960
  2.019  1.041  1.940  1.126  1.832  1.211  1.699  1.297
  1.546  1.384  1.362  1.471  1.207  1.535
  -0.164  0.154  -0.187  0.149  -0.229  0.126  -0.272  0.100
  -0.340  0.086  -0.432  0.098  -0.481  0.069  -0.533  0.046
  -0.583  0.008  -0.613  -0.052  -0.653  -0.100  -0.688  -0.156
  -0.726  -0.208  -0.752  -0.270  -0.789  -0.319  -0.824  -0.368
  -0.852  -0.425  -0.871  -0.479  -0.889  -0.524  -0.896  -0.567
  -0.883  -0.609  -0.870  -0.641  -0.844  -0.665  -0.802  -0.678
  -0.735  -0.683  -0.662  -0.688  -0.590  -0.674  -0.492  -0.643
  -0.334  -0.584  -0.138  -0.499  0.045  -0.409  0.229  -0.310
  0.409  -0.202  0.601  -0.081  0.827  0.056  1.056  0.207
  1.248  0.339  1.406  0.445  1.520  0.531  1.613  0.611
  1.698  0.689  1.777  0.768  1.849  0.846  1.902  0.923
  1.906  1.001  1.852  1.082  1.761  1.165  1.632  1.250
  1.455  1.338  1.250  1.425  1.093  1.490
  -0.150  0.174  -0.171  0.169  -0.207  0.153  -0.256  0.169
  -0.345  0.161  -0.417  0.160  -0.459  0.124  -0.486  0.078
  -0.513  0.019  -0.555  -0.020  -0.587  -0.080  -0.629  -0.129
  -0.670  -0.179  -0.711  -0.228  -0.752  -0.275  -0.787  -0.324
  -0.821  -0.379  -0.851  -0.432  -0.875  -0.482  -0.889  -0.532
  -0.895  -0.575  -0.892  -0.613  -0.877  -0.642  -0.840  -0.663
  -0.770  -0.669  -0.717  -0.671  -0.643  -0.654  -0.523  -0.616
  -0.373  -0.553  -0.210  -0.476  -0.024  -0.382  0.160  -0.280
  0.355  -0.167  0.552  -0.046  0.766  0.094  0.974  0.235
  1.127  0.337  1.266  0.427  1.366  0.504  1.448  0.580
  1.528  0.657  1.604  0.735  1.673  0.812  1.724  0.888
  1.746  0.964  1.728  1.042  1.656  1.122  1.517  1.206
  1.327  1.293  1.126  1.379  0.952  1.448
  -0.142  0.200  -0.162  0.202  -0.196  0.222  -0.271  0.239
  -0.340  0.227  -0.379  0.212  -0.402  0.172  -0.422  0.113
  -0.449  0.065  -0.492  0.024  -0.541  0.003  -0.586  -0.041
  -0.633  -0.091  -0.680  -0.143  -0.724  -0.194  -0.765  -0.246
  -0.805  -0.300  -0.840  -0.366  -0.871  -0.422  -0.894  -0.475
  -0.910  -0.526  -0.917  -0.570  -0.909  -0.610  -0.883  -0.637
  -0.820  -0.650  -0.757  -0.653  -0.671  -0.635  -0.564  -0.596
  -0.432  -0.535  -0.273  -0.454  -0.101  -0.359  0.082  -0.252
  0.281  -0.133  0.471  -0.013  0.663  0.111  0.855  0.237
  0.979  0.318  1.090  0.396  1.181  0.472  1.259  0.547
  1.333  0.624  1.406  0.701  1.470  0.778  1.520  0.854
  1.553  0.929  1.557  1.004  1.498  1.082  1.356  1.165
  1.185  1.249  0.972  1.335  0.811  1.406
  -0.113  0.272  -0.138  0.275  -0.208  0.298  -0.271  0.312
  -0.302  0.295  -0.319  0.251  -0.332  0.216  -0.354  0.192
  -0.393  0.151  -0.437  0.125  -0.486  0.081  -0.534  0.031
  -0.582  -0.019  -0.629  -0.061  -0.675  -0.114  -0.719  -0.170
  -0.761  -0.227  -0.800  -0.290  -0.835  -0.351  -0.861  -0.418
  -0.883  -0.475  -0.896  -0.526  -0.898  -0.570  -0.889  -0.605
  -0.869  -0.630  -0.822  -0.641  -0.739  -0.628  -0.636  -0.590
  -0.501  -0.526  -0.336  -0.435  -0.164  -0.331  0.024  -0.217
  0.207  -0.099  0.385  0.016  0.553  0.121  0.694  0.210
  0.803  0.287  0.896  0.362  0.976  0.437  1.049  0.512
  1.118  0.589  1.186  0.666  1.247  0.743  1.295  0.818
  1.332  0.893  1.346  0.967  1.289  1.043  1.150  1.125
  1.003  1.207  0.770  1.294  0.622  1.365
  -0.109  0.350  -0.133  0.352  -0.192  0.368  -0.221  0.368
  -0.239  0.325  -0.248  0.291  -0.259  0.282  -0.290  0.267
  -0.335  0.229  -0.376  0.205  -0.426  0.156  -0.467  0.123
  -0.516  0.071  -0.564  0.015  -0.611  -0.043  -0.655  -0.101
  -0.697  -0.159  -0.740  -0.225  -0.778  -0.287  -0.812  -0.349
  -0.840  -0.409  -0.861  -0.465  -0.875  -0.517  -0.884  -0.563
  -0.874  -0.600  -0.835  -0.621  -0.773  -0.618  -0.684  -0.585
  -0.550  -0.515  -0.399  -0.417  -0.233  -0.307  -0.034  -0.185
  0.135  -0.075  0.282  0.019  0.406  0.101  0.511  0.176
  0.608  0.251  0.688  0.328  0.756  0.403  0.819  0.478
  0.880  0.555  0.940  0.632  0.998  0.708  1.050  0.781
  1.088  0.855  1.108  0.929  1.056  1.004  0.915  1.086
  0.769  1.167  0.537  1.251  0.367  1.324
  -0.094  0.423  -0.113  0.424  -0.143  0.432  -0.146  0.417
  -0.154  0.386  -0.169  0.363  -0.194  0.357  -0.227  0.347
  -0.273  0.306  -0.309  0.282  -0.357  0.236  -0.394  0.204
  -0.438  0.152  -0.475  0.113  -0.523  0.055  -0.570  -0.008
  -0.614  -0.069  -0.657  -0.131  -0.701  -0.201  -0.740  -0.269
  -0.776  -0.340  -0.801  -0.394  -0.829  -0.459  -0.846  -0.514
  -0.848  -0.561  -0.831  -0.593  -0.783  -0.603  -0.706  -0.577
  -0.585  -0.506  -0.443  -0.405  -0.290  -0.294  -0.138  -0.186
  0.004  -0.091  0.125  -0.009  0.231  0.069  0.317  0.142
  0.401  0.219  0.446  0.312  0.496  0.385  0.546  0.460
  0.596  0.537  0.650  0.614  0.711  0.686  0.794  0.742
  0.833  0.816  0.854  0.890  0.806  0.965  0.654  1.046
  0.475  1.129  0.273  1.210  0.117  1.283
  -0.038  0.495  -0.056  0.495  -0.071  0.495  -0.074  0.478
  -0.083  0.455  -0.097  0.441  -0.124  0.440  -0.156  0.430
  -0.205  0.384  -0.234  0.368  -0.261  0.344  -0.306  0.290
  -0.334  0.259  -0.380  0.202  -0.430  0.138  -0.479  0.074
  -0.510  0.032  -0.555  -0.032  -0.611  -0.118  -0.653  -0.186
  -0.689  -0.252  -0.721  -0.316  -0.755  -0.382  -0.782  -0.444
  -0.799  -0.501  -0.802  -0.548  -0.783  -0.580  -0.731  -0.572
  -0.618  -0.504  -0.457  -0.376  -0.328  -0.273  -0.218  -0.185
  -0.127  -0.104  -0.045  -0.026  0.039  0.051  0.107  0.125
  0.168  0.202  0.174  0.305  0.211  0.375  0.249  0.446
  0.295  0.520  0.350  0.595  0.418  0.663  0.530  0.702
  0.568  0.776  0.580  0.850  0.514  0.925  0.354  1.007
  0.158  1.090  0.004  1.167  -0.143  1.238
  0.021  0.538  0.003  0.537  0.003  0.532  0.009  0.535
  0.003  0.522  -0.018  0.521  -0.047  0.520  -0.076  0.511
  -0.128  0.469  -0.149  0.453  -0.166  0.434  -0.206  0.383
  -0.228  0.356  -0.238  0.354  -0.290  0.286  -0.344  0.216
  -0.395  0.145  -0.444  0.074  -0.490  0.004  -0.534  -0.067
  -0.574  -0.137  -0.615  -0.207  -0.654  -0.277  -0.686  -0.344
  -0.713  -0.408  -0.735  -0.470  -0.744  -0.530  -0.727  -0.550
  -0.639  -0.494  -0.505  -0.350  -0.413  -0.258  -0.335  -0.178
  -0.268  -0.101  -0.206  -0.023  -0.158  0.050  -0.113  0.123
  -0.077  0.195  -0.046  0.266  -0.023  0.336  -0.001  0.406
  0.034  0.479  0.087  0.553  0.179  0.607  0.259  0.661
  0.288  0.735  0.262  0.809  0.158  0.888  0.018  0.969
  -0.152  1.047  -0.292  1.120  -0.407  1.186
  0.097  0.599  0.081  0.599  0.095  0.613  0.091  0.602
  0.086  0.602  0.063  0.608  0.014  0.577  -0.009  0.569
  -0.033  0.558  -0.050  0.545  -0.058  0.534  -0.057  0.542
  -0.106  0.478  -0.146  0.436  -0.201  0.362  -0.257  0.293
  -0.310  0.219  -0.360  0.145  -0.406  0.074  -0.448  0.003
  -0.491  -0.068  -0.532  -0.138  -0.567  -0.209  -0.600  -0.276
  -0.624  -0.338  -0.650  -0.406  -0.645  -0.444  -0.665  -0.483
  -0.638  -0.449  -0.572  -0.372  -0.503  -0.291  -0.441  -0.212
  -0.388  -0.135  -0.344  -0.060  -0.306  0.014  -0.275  0.087
  -0.256  0.158  -0.247  0.227  -0.249  0.293  -0.244  0.363
  -0.224  0.437  -0.179  0.511  -0.058  0.546  -0.029  0.619
  -0.022  0.693  -0.105  0.771  -0.211  0.850  -0.338  0.928
  -0.451  1.001  -0.573  1.067  -0.654  1.131
  0.183  0.668  0.166  0.668  0.169  0.668  0.159  0.649
  0.152  0.655  0.132  0.665  0.106  0.659  0.081  0.659
  0.069  0.653  0.061  0.642  0.071  0.662  0.023  0.602
  -0.020  0.555  -0.074  0.488  -0.128  0.413  -0.182  0.339
  -0.234  0.264  -0.283  0.191  -0.328  0.120  -0.373  0.049
  -0.416  -0.022  -0.455  -0.092  -0.487  -0.157  -0.519  -0.223
  -0.517  -0.271  -0.540  -0.332  -0.564  -0.392  -0.593  -0.437
  -0.607  -0.433  -0.588  -0.389  -0.550  -0.321  -0.509  -0.244
  -0.474  -0.168  -0.445  -0.094  -0.433  -0.024  -0.425  0.045
  -0.429  0.113  -0.441  0.182  -0.463  0.249  -0.478  0.320
  -0.484  0.392  -0.452  0.467  -0.346  0.501  -0.354  0.576
  -0.383  0.653  -0.482  0.732  -0.569  0.809  -0.677  0.881
  -0.750  0.947  -0.826  1.011  -0.897  1.068
  0.270  0.735  0.253  0.735  0.255  0.731  0.247  0.713
  0.237  0.725  0.222  0.739  0.203  0.744  0.185  0.750
  0.178  0.746  0.172  0.741  0.149  0.721  0.107  0.674
  0.051  0.607  -0.005  0.532  -0.057  0.457  -0.109  0.383
  -0.159  0.310  -0.207  0.238  -0.254  0.165  -0.300  0.092
  -0.338  0.024  -0.377  -0.045  -0.378  -0.094  -0.408  -0.159
  -0.436  -0.222  -0.462  -0.284  -0.486  -0.345  -0.514  -0.392
  -0.550  -0.407  -0.564  -0.389  -0.564  -0.345  -0.551  -0.278
  -0.541  -0.206  -0.537  -0.136  -0.537  -0.066  -0.544  0.003
  -0.566  0.071  -0.604  0.137  -0.652  0.205  -0.701  0.275
  -0.738  0.346  -0.723  0.420  -0.652  0.458  -0.691  0.531
  -0.751  0.610  -0.829  0.688  -0.905  0.760  -0.964  0.827
  -1.021  0.887  -1.064  0.946  -1.113  0.996
  0.335  0.771  0.318  0.770  0.327  0.768  0.309  0.755
  0.297  0.768  0.281  0.783  0.262  0.793  0.254  0.800
  0.259  0.806  0.272  0.829  0.234  0.793  0.179  0.727
  0.122  0.651  0.066  0.576  0.013  0.501  -0.037  0.427
  -0.084  0.356  -0.133  0.281  -0.176  0.211  -0.223  0.139
  -0.230  0.087  -0.265  0.020  -0.300  -0.047  -0.332  -0.112
  -0.362  -0.177  -0.387  -0.238  -0.412  -0.300  -0.441  -0.351
  -0.482  -0.379  -0.518  -0.379  -0.545  -0.355  -0.563  -0.307
  -0.577  -0.243  -0.593  -0.176  -0.613  -0.109  -0.644  -0.044
  -0.687  0.021  -0.745  0.088  -0.817  0.158  -0.903  0.228
  -0.986  0.300  -0.975  0.359  -0.972  0.413  -1.031  0.485
  -1.086  0.562  -1.142  0.635  -1.189  0.704  -1.213  0.767
  -1.248  0.822  -1.271  0.874  -1.290  0.917
  0.393  0.796  0.376  0.796  0.382  0.799  0.369  0.791
  0.357  0.808  0.348  0.828  0.329  0.840  0.327  0.851
  0.360  0.890  0.345  0.882  0.305  0.840  0.246  0.770
  0.192  0.695  0.139  0.620  0.085  0.545  0.036  0.472
  -0.010  0.402  -0.059  0.326  -0.069  0.273  -0.112  0.203
  -0.154  0.133  -0.192  0.064  -0.228  -0.003  -0.259  -0.068
  -0.288  -0.131  -0.315  -0.193  -0.339  -0.254  -0.368  -0.311
  -0.408  -0.351  -0.457  -0.367  -0.501  -0.359  -0.544  -0.330
  -0.584  -0.278  -0.624  -0.218  -0.662  -0.155  -0.713  -0.093
  -0.777  -0.030  -0.856  0.036  -0.951  0.106  -1.075  0.177
  -1.216  0.251  -1.236  0.298  -1.285  0.364  -1.355  0.435
  -1.389  0.504  -1.417  0.572  -1.436  0.636  -1.448  0.694
  -1.459  0.749  -1.457  0.800  -1.453  0.833
  0.464  0.829  0.448  0.829  0.456  0.841  0.440  0.832
  0.451  0.878  0.442  0.900  0.432  0.913  0.428  0.932
  0.439  0.949  0.428  0.951  0.373  0.889  0.318  0.814
  0.263  0.739  0.211  0.665  0.160  0.591  0.110  0.517
  0.062  0.446  0.014  0.371  0.002  0.317  -0.040  0.247
  -0.081  0.178  -0.118  0.109  -0.153  0.042  -0.186  -0.023
  -0.215  -0.086  -0.240  -0.147  -0.267  -0.210  -0.296  -0.271
  -0.332  -0.321  -0.379  -0.351  -0.433  -0.358  -0.493  -0.345
  -0.552  -0.309  -0.613  -0.256  -0.680  -0.203  -0.749  -0.145
  -0.824  -0.084  -0.919  -0.020  -1.035  0.047  -1.181  0.115
  -1.343  0.181  -1.446  0.239  -1.526  0.306  -1.586  0.372
  -1.617  0.434  -1.631  0.498  -1.640  0.556  -1.642  0.611
  -1.638  0.666  -1.628  0.712  -1.618  0.746
  0.533  0.859  0.520  0.862  0.549  0.897  0.532  0.894
  0.524  0.924  0.512  0.945  0.504  0.959  0.503  0.980
  0.526  1.016  0.497  0.993  0.446  0.934  0.391  0.859
  0.338  0.785  0.285  0.710  0.235  0.636  0.185  0.563
  0.138  0.492  0.092  0.420  0.047  0.349  0.006  0.280
  -0.028  0.220  -0.048  0.154  -0.084  0.086  -0.117  0.021
  -0.143  -0.042  -0.167  -0.103  -0.194  -0.164  -0.223  -0.228
  -0.258  -0.288  -0.300  -0.333  -0.356  -0.358  -0.420  -0.361
  -0.490  -0.338  -0.567  -0.295  -0.649  -0.249  -0.728  -0.198
  -0.815  -0.144  -0.913  -0.087  -1.021  -0.029  -1.168  0.030
  -1.330  0.089  -1.500  0.159  -1.631  0.227  -1.705  0.289
  -1.748  0.347  -1.764  0.407  -1.778  0.466  -1.781  0.522
  -1.775  0.571  -1.765  0.613  -1.754  0.648
  0.598  0.882  0.584  0.884  0.598  0.909  0.605  0.930
  0.582  0.948  0.566  0.968  0.562  0.985  0.575  1.007
  0.577  1.023  0.556  1.010  0.520  0.976  0.466  0.905
  0.413  0.830  0.361  0.756  0.312  0.683  0.262  0.610
  0.215  0.538  0.169  0.466  0.124  0.396  0.082  0.327
  0.043  0.260  0.004  0.192  -0.031  0.125  -0.061  0.064
  -0.073  0.002  -0.096  -0.058  -0.121  -0.118  -0.150  -0.183
  -0.184  -0.249  -0.222  -0.309  -0.272  -0.352  -0.330  -0.372
  -0.400  -0.365  -0.482  -0.335  -0.564  -0.299  -0.641  -0.259
  -0.722  -0.218  -0.803  -0.177  -0.907  -0.132  -1.068  -0.077
  -1.276  -0.010  -1.471  0.061  -1.624  0.127  -1.729  0.189
  -1.800  0.246  -1.839  0.307  -1.862  0.370  -1.870  0.426
  -1.867  0.471  -1.856  0.510  -1.846  0.554
  0.663  0.885  0.647  0.887  0.645  0.911  0.633  0.919
  0.610  0.920  0.590  0.944  0.595  0.970  0.638  1.022
  0.640  1.045  0.629  1.048  0.595  1.015  0.541  0.950
  0.490  0.877  0.437  0.802  0.387  0.729  0.339  0.656
  0.292  0.585  0.246  0.513  0.201  0.443  0.159  0.373
  0.120  0.305  0.080  0.237  0.045  0.171  0.015  0.107
  -0.017  0.042  -0.041  -0.018  -0.062  -0.074  -0.080  -0.140
  -0.114  -0.212  -0.151  -0.284  -0.195  -0.345  -0.244  -0.380
  -0.304  -0.391  -0.369  -0.376  -0.434  -0.359  -0.497  -0.339
  -0.557  -0.321  -0.638  -0.292  -0.763  -0.250  -0.942  -0.193
  -1.171  -0.124  -1.379  -0.058  -1.551  0.009  -1.690  0.076
  -1.796  0.140  -1.870  0.206  -1.910  0.269  -1.927  0.321
  -1.929  0.365  -1.922  0.405  -1.917  0.452
  0.731  0.894  0.715  0.897  0.710  0.925  0.689  0.930
  0.662  0.929  0.649  0.956  0.654  0.973  0.673  1.006
  0.683  1.027  0.698  1.067  0.669  1.050  0.617  0.993
  0.566  0.922  0.515  0.849  0.464  0.775  0.416  0.703
  0.369  0.631  0.323  0.560  0.280  0.490  0.237  0.420
  0.195  0.350  0.157  0.282  0.123  0.215  0.090  0.150
  0.061  0.083  0.039  0.022  0.016  -0.038  -0.016  -0.114
  -0.051  -0.203  -0.089  -0.287  -0.131  -0.354  -0.168  -0.395
  -0.216  -0.424  -0.254  -0.437  -0.275  -0.454  -0.309  -0.463
  -0.375  -0.454  -0.479  -0.422  -0.599  -0.381  -0.782  -0.323
  -1.036  -0.251  -1.265  -0.182  -1.451  -0.114  -1.622  -0.044
  -1.756  0.024  -1.856  0.092  -1.923  0.157  -1.954  0.212
  -1.963  0.258  -1.968  0.305  -1.964  0.351
  0.806  0.884  0.790  0.888  0.780  0.921  0.755  0.932
  0.729  0.935  0.714  0.949  0.715  0.983  0.727  1.015
  0.741  1.024  0.748  1.043  0.729  1.048  0.694  1.018
  0.644  0.962  0.593  0.894  0.543  0.822  0.494  0.750
  0.448  0.678  0.402  0.606  0.358  0.535  0.317  0.464
  0.277  0.392  0.241  0.320  0.205  0.250  0.171  0.182
  0.152  0.104  0.128  0.036  0.107  -0.028  0.079  -0.115
  0.042  -0.209  0.003  -0.293  -0.041  -0.368  -0.081  -0.439
  -0.116  -0.488  -0.128  -0.530  -0.102  -0.583  -0.117  -0.611
  -0.210  -0.590  -0.296  -0.561  -0.426  -0.514  -0.634  -0.453
  -0.912  -0.377  -1.145  -0.306  -1.355  -0.235  -1.544  -0.165
  -1.699  -0.093  -1.817  -0.027  -1.908  0.041  -1.957  0.102
  -1.980  0.156  -1.996  0.206  -1.991  0.251
  0.845  0.854  0.828  0.859  0.822  0.896  0.802  0.903
  0.774  0.910  0.750  0.918  0.748  0.940  0.756  0.976
  0.764  0.980  0.773  1.002  0.774  1.014  0.762  1.000
  0.723  0.977  0.674  0.921  0.625  0.858  0.576  0.789
  0.529  0.717  0.485  0.640  0.443  0.568  0.400  0.496
  0.367  0.410  0.332  0.338  0.298  0.260  0.267  0.187
  0.243  0.108  0.225  0.036  0.200  -0.040  0.179  -0.144
  0.150  -0.241  0.113  -0.331  0.076  -0.418  0.045  -0.499
  0.031  -0.571  0.033  -0.631  0.037  -0.680  0.019  -0.713
  -0.030  -0.715  -0.109  -0.691  -0.269  -0.637  -0.523  -0.569
  -0.785  -0.497  -1.024  -0.428  -1.270  -0.354  -1.467  -0.284
  -1.633  -0.207  -1.763  -0.139  -1.866  -0.070  -1.936  -0.007
  -1.977  0.048  -2.000  0.101  -2.004  0.149
  0.889  0.802  0.876  0.810  0.888  0.866  0.872  0.895
  0.845  0.896  0.819  0.905  0.811  0.923  0.816  0.939
  0.801  0.926  0.794  0.949  0.800  0.967  0.804  0.966
  0.785  0.941  0.745  0.899  0.707  0.851  0.664  0.789
  0.616  0.717  0.573  0.635  0.534  0.561  0.493  0.488
  0.454  0.401  0.419  0.330  0.392  0.261  0.373  0.167
  0.347  0.092  0.332  0.006  0.319  -0.077  0.294  -0.183
  0.270  -0.284  0.241  -0.380  0.217  -0.484  0.199  -0.573
  0.192  -0.653  0.197  -0.723  0.198  -0.775  0.176  -0.807
  0.135  -0.818  0.033  -0.795  -0.141  -0.746  -0.424  -0.675
  -0.681  -0.608  -0.918  -0.541  -1.172  -0.467  -1.375  -0.397
  -1.545  -0.324  -1.691  -0.251  -1.809  -0.181  -1.897  -0.113
  -1.955  -0.051  -1.987  0.004  -2.013  0.055
  0.949  0.782  0.937  0.786  0.948  0.817  0.935  0.856
  0.901  0.872  0.871  0.866  0.846  0.876  0.851  0.886
  0.853  0.894  0.826  0.882  0.831  0.885  0.830  0.902
  0.800  0.867  0.790  0.841  0.757  0.789  0.727  0.743
  0.669  0.665  0.625  0.591  0.608  0.507  0.575  0.431
  0.530  0.336  0.509  0.274  0.488  0.208  0.477  0.129
  0.461  0.056  0.456  -0.027  0.445  -0.127  0.431  -0.240
  0.405  -0.342  0.381  -0.445  0.363  -0.548  0.348  -0.641
  0.342  -0.726  0.344  -0.800  0.346  -0.859  0.323  -0.891
  0.249  -0.895  0.110  -0.873  -0.071  -0.832  -0.341  -0.769
  -0.600  -0.706  -0.847  -0.639  -1.085  -0.573  -1.289  -0.502
  -1.455  -0.431  -1.605  -0.357  -1.732  -0.286  -1.848  -0.213
  -1.928  -0.143  -1.973  -0.087  -2.008  -0.046
  1.000  0.734  0.984  0.738  0.988  0.774  1.012  0.818
  0.986  0.840  0.928  0.818  0.884  0.822  0.875  0.841
  0.882  0.842  0.858  0.816  0.857  0.821  0.860  0.812
  0.837  0.778  0.825  0.760  0.795  0.700  0.755  0.639
  0.716  0.577  0.678  0.507  0.644  0.419  0.613  0.345
  0.588  0.278  0.589  0.221  0.592  0.148  0.605  0.060
  0.599  -0.012  0.586  -0.086  0.577  -0.181  0.559  -0.287
  0.539  -0.399  0.514  -0.507  0.498  -0.609  0.483  -0.703
  0.477  -0.787  0.471  -0.858  0.459  -0.918  0.427  -0.950
  0.313  -0.952  0.159  -0.938  -0.031  -0.902  -0.284  -0.849
  -0.531  -0.792  -0.797  -0.726  -1.030  -0.661  -1.223  -0.591
  -1.376  -0.524  -1.513  -0.457  -1.632  -0.388  -1.752  -0.318
  -1.849  -0.253  -1.922  -0.197  -1.982  -0.152
  1.042  0.709  1.030  0.711  1.041  0.733  1.032  0.759
  1.046  0.788  1.008  0.797  0.946  0.774  0.916  0.783
  0.916  0.779  0.893  0.754  0.881  0.757  0.858  0.731
  0.853  0.705  0.829  0.666  0.792  0.614  0.758  0.555
  0.729  0.472  0.695  0.398  0.660  0.324  0.641  0.236
  0.636  0.154  0.652  0.081  0.655  0.022  0.675  -0.038
  0.701  -0.092  0.718  -0.154  0.708  -0.249  0.674  -0.348
  0.650  -0.444  0.625  -0.556  0.602  -0.661  0.585  -0.753
  0.573  -0.836  0.554  -0.904  0.522  -0.959  0.476  -0.992
  0.351  -0.998  0.183  -0.988  -0.015  -0.959  -0.234  -0.918
  -0.472  -0.867  -0.726  -0.807  -0.976  -0.737  -1.163  -0.668
  -1.305  -0.606  -1.433  -0.542  -1.550  -0.477  -1.662  -0.419
  -1.768  -0.364  -1.855  -0.312  -1.925  -0.263
  1.005  0.654  0.999  0.658  1.048  0.686  1.069  0.702
  1.070  0.709  1.069  0.736  1.022  0.718  0.974  0.720
  0.959  0.710  0.939  0.688  0.919  0.691  0.890  0.663
  0.862  0.623  0.858  0.591  0.838  0.540  0.818  0.465
  0.799  0.379  0.764  0.290  0.717  0.175  0.694  0.102
  0.698  0.049  0.703  -0.025  0.688  -0.098  0.745  -0.130
  0.780  -0.176  0.792  -0.241  0.773  -0.326  0.737  -0.414
  0.727  -0.492  0.687  -0.587  0.662  -0.692  0.643  -0.791
  0.619  -0.872  0.591  -0.941  0.550  -0.992  0.478  -1.022
  0.344  -1.033  0.179  -1.026  -0.013  -1.005  -0.218  -0.972
  -0.443  -0.928  -0.693  -0.871  -0.935  -0.802  -1.111  -0.735
  -1.241  -0.673  -1.356  -0.615  -1.473  -0.559  -1.586  -0.509
  -1.694  -0.462  -1.789  -0.414  -1.862  -0.372
  0.916  0.577  0.910  0.581  0.978  0.614  1.029  0.635
  1.054  0.645  1.077  0.656  1.072  0.651  1.028  0.647
  0.990  0.623  0.983  0.608  0.944  0.600  0.930  0.583
  0.910  0.541  0.890  0.470  0.887  0.376  0.872  0.286
  0.846  0.214  0.816  0.135  0.785  0.066  0.761  0.006
  0.735  -0.063  0.733  -0.125  0.749  -0.167  0.773  -0.207
  0.774  -0.267  0.782  -0.327  0.771  -0.397  0.757  -0.470
  0.732  -0.546  0.695  -0.625  0.677  -0.705  0.671  -0.810
  0.642  -0.896  0.592  -0.963  0.534  -1.011  0.432  -1.041
  0.287  -1.054  0.157  -1.055  -0.018  -1.044  -0.233  -1.015
  -0.472  -0.972  -0.704  -0.919  -0.903  -0.857  -1.061  -0.793
  -1.183  -0.734  -1.283  -0.685  -1.395  -0.637  -1.509  -0.591
  -1.622  -0.546  -1.728  -0.501  -1.810  -0.463
  0.775  0.479  0.766  0.481  0.842  0.515  0.933  0.552
  1.006  0.579  1.038  0.576  1.060  0.570  1.046  0.551
  1.039  0.537  1.047  0.506  1.015  0.468  0.983  0.427
  0.967  0.371  0.952  0.305  0.927  0.235  0.897  0.170
  0.860  0.104  0.813  0.025  0.767  -0.055  0.722  -0.124
  0.687  -0.181  0.681  -0.223  0.716  -0.248  0.742  -0.285
  0.725  -0.341  0.715  -0.400  0.715  -0.461  0.690  -0.530
  0.686  -0.598  0.667  -0.666  0.637  -0.735  0.645  -0.815
  0.617  -0.905  0.541  -0.976  0.471  -1.026  0.391  -1.059
  0.255  -1.074  0.138  -1.080  -0.043  -1.071  -0.280  -1.043
  -0.504  -1.006  -0.690  -0.961  -0.858  -0.902  -1.009  -0.843
  -1.126  -0.791  -1.220  -0.749  -1.328  -0.706  -1.446  -0.662
  -1.565  -0.617  -1.678  -0.574  -1.765  -0.536
  0.619  0.376  0.607  0.376  0.674  0.403  0.733  0.413
  0.785  0.420  0.860  0.420  0.944  0.418  0.996  0.415
  1.062  0.404  1.068  0.355  1.021  0.301  1.015  0.258
  0.998  0.222  0.965  0.187  0.931  0.147  0.891  0.086
  0.834  0.003  0.724  -0.087  0.662  -0.154  0.631  -0.215
  0.582  -0.267  0.559  -0.306  0.580  -0.337  0.628  -0.368
  0.643  -0.412  0.588  -0.474  0.565  -0.534  0.576  -0.591
  0.614  -0.647  0.641  -0.706  0.616  -0.768  0.585  -0.830
  0.543  -0.899  0.494  -0.973  0.434  -1.037  0.363  -1.077
  0.233  -1.091  0.091  -1.095  -0.111  -1.086  -0.327  -1.064
  -0.509  -1.031  -0.668  -0.989  -0.818  -0.937  -0.956  -0.885
  -1.065  -0.842  -1.157  -0.806  -1.252  -0.769  -1.364  -0.730
  -1.484  -0.688  -1.602  -0.645  -1.707  -0.605
  0.570  0.310  0.553  0.307  0.560  0.305  0.595  0.290
  0.652  0.270  0.723  0.252  0.786  0.249  0.874  0.246
  0.925  0.222  0.970  0.214  0.956  0.192  0.908  0.152
  0.863  0.116  0.826  0.082  0.783  0.028  0.733  -0.036
  0.655  -0.111  0.590  -0.189  0.556  -0.247  0.523  -0.298
  0.461  -0.351  0.409  -0.394  0.436  -0.421  0.468  -0.452
  0.476  -0.493  0.443  -0.545  0.408  -0.600  0.433  -0.650
  0.464  -0.700  0.533  -0.749  0.539  -0.804  0.534  -0.857
  0.498  -0.909  0.439  -0.964  0.365  -1.026  0.293  -1.070
  0.164  -1.091  -0.003  -1.093  -0.173  -1.089  -0.330  -1.078
  -0.482  -1.048  -0.625  -1.013  -0.756  -0.972  -0.882  -0.929
  -0.995  -0.890  -1.094  -0.856  -1.179  -0.826  -1.282  -0.790
  -1.406  -0.750  -1.533  -0.708  -1.659  -0.665
  0.587  0.255  0.569  0.249  0.569  0.219  0.588  0.176
  0.615  0.136  0.654  0.123  0.711  0.115  0.763  0.112
  0.769  0.101  0.776  0.090  0.757  0.068  0.756  0.053
  0.739  0.032  0.676  -0.009  0.616  -0.069  0.554  -0.150
  0.469  -0.227  0.410  -0.288  0.370  -0.344  0.333  -0.395
  0.305  -0.438  0.314  -0.462  0.337  -0.486  0.353  -0.518
  0.336  -0.561  0.303  -0.608  0.295  -0.655  0.308  -0.701
  0.330  -0.748  0.382  -0.794  0.409  -0.842  0.442  -0.888
  0.416  -0.933  0.351  -0.975  0.256  -1.013  0.170  -1.045
  0.057  -1.067  -0.054  -1.073  -0.164  -1.081  -0.288  -1.078
  -0.418  -1.059  -0.549  -1.034  -0.677  -1.003  -0.803  -0.968
  -0.926  -0.932  -1.030  -0.900  -1.116  -0.872  -1.212  -0.842
  -1.332  -0.806  -1.464  -0.766  -1.596  -0.723
  0.655  0.165  0.640  0.158  0.648  0.124  0.662  0.079
  0.654  0.052  0.637  0.038  0.630  0.027  0.625  0.017
  0.634  0.013  0.620  -0.005  0.585  -0.031  0.561  -0.053
  0.536  -0.077  0.493  -0.126  0.443  -0.187  0.396  -0.247
  0.346  -0.306  0.271  -0.370  0.205  -0.440  0.171  -0.487
  0.161  -0.515  0.176  -0.536  0.198  -0.559  0.218  -0.587
  0.233  -0.620  0.244  -0.658  0.258  -0.698  0.273  -0.741
  0.315  -0.783  0.348  -0.827  0.365  -0.873  0.379  -0.917
  0.344  -0.959  0.278  -0.997  0.203  -1.029  0.131  -1.053
  0.051  -1.065  -0.029  -1.070  -0.119  -1.080  -0.228  -1.081
  -0.348  -1.070  -0.474  -1.053  -0.601  -1.030  -0.728  -1.002
  -0.854  -0.971  -0.967  -0.940  -1.065  -0.914  -1.155  -0.889
  -1.269  -0.856  -1.402  -0.818  -1.540  -0.776
  0.756  0.070  0.738  0.066  0.725  0.050  0.708  0.031
  0.682  0.015  0.651  0.001  0.627  -0.012  0.608  -0.025
  0.583  -0.045  0.547  -0.071  0.519  -0.093  0.499  -0.112
  0.476  -0.136  0.435  -0.184  0.386  -0.246  0.338  -0.306
  0.280  -0.380  0.227  -0.446  0.184  -0.498  0.154  -0.539
  0.168  -0.557  0.197  -0.573  0.219  -0.597  0.240  -0.625
  0.260  -0.658  0.279  -0.694  0.297  -0.733  0.312  -0.776
  0.333  -0.819  0.352  -0.864  0.368  -0.908  0.378  -0.951
  0.340  -0.992  0.272  -1.030  0.202  -1.062  0.130  -1.087
  0.056  -1.097  -0.021  -1.104  -0.104  -1.110  -0.195  -1.110
  -0.309  -1.105  -0.433  -1.092  -0.559  -1.073  -0.687  -1.050
  -0.816  -1.022  -0.943  -0.992  -1.051  -0.965  -1.143  -0.942
  -1.257  -0.911  -1.393  -0.874  -1.534  -0.833
0.508436  5.089494  51  0.508436  5.089494  51
0.996197  -0.003939  0.011858  0.996945  4.832 0.154
  0.773  0.326  0.773  0.343  0.768  0.357  0.762  0.368
  0.745  0.376  0.713  0.377  0.676  0.382  0.627  0.386
  0.578  0.385  0.510  0.380  0.444  0.373  0.393  0.366
  0.336  0.356  0.275  0.344  0.209  0.333  0.113  0.328
  0.011  0.327  -0.082  0.331  -0.220  0.372  -0.310  0.381
  -0.288  0.310  -0.300  0.266  -0.306  0.223  -0.292  0.164
  -0.338  0.132  -0.445  0.107  -0.530  0.077  -0.560  0.051
  -0.664  0.015  -0.738  -0.014  -0.749  -0.032  -0.761  -0.046
  -0.783  -0.066  -0.778  -0.072  -0.784  -0.084  -0.822  -0.116
  -0.840  -0.136  -0.839  -0.146  -0.854  -0.166  -0.881  -0.195
  -0.870  -0.200  -0.833  -0.190  -0.830  -0.203  -0.847  -0.229
  -0.837  -0.248  -0.807  -0.264  -0.799  -0.283  -0.802  -0.302
  -0.706  -0.359  -0.518  -0.446  -0.525  -0.430
  0.787  0.332  0.787  0.350  0.786  0.365  0.781  0.377
  0.770  0.387  0.740  0.389  0.701  0.394  0.647  0.396
  0.594  0.394  0.530  0.387  0.464  0.379  0.404  0.371
  0.336  0.358  0.270  0.344  0.210  0.334  0.129  0.327
  0.034  0.323  -0.069  0.322  -0.225  0.370  -0.334  0.385
  -0.328  0.327  -0.312  0.263  -0.292  0.203  -0.301  0.161
  -0.341  0.131  -0.442  0.103  -0.536  0.072  -0.573  0.045
  -0.671  0.010  -0.751  -0.022  -0.746  -0.032  -0.758  -0.046
  -0.787  -0.070  -0.782  -0.076  -0.784  -0.086  -0.819  -0.116
  -0.823  -0.128  -0.830  -0.143  -0.857  -0.171  -0.868  -0.190
  -0.852  -0.193  -0.829  -0.192  -0.830  -0.208  -0.841  -0.231
  -0.818  -0.249  -0.795  -0.265  -0.799  -0.286  -0.770  -0.317
  -0.640  -0.384  -0.512  -0.467  -0.501  -0.452
  0.819  0.347  0.820  0.366  0.819  0.379  0.807  0.388
  0.800  0.399  0.778  0.404  0.743  0.407  0.682  0.408
  0.623  0.408  0.571  0.402  0.513  0.394  0.452  0.384
  0.386  0.371  0.314  0.356  0.245  0.342  0.174  0.331
  0.086  0.324  -0.011  0.318  -0.128  0.337  -0.281  0.378
  -0.349  0.368  -0.315  0.287  -0.279  0.215  -0.298  0.176
  -0.326  0.138  -0.384  0.104  -0.504  0.078  -0.577  0.046
  -0.646  0.014  -0.728  -0.016  -0.733  -0.029  -0.746  -0.046
  -0.767  -0.066  -0.767  -0.074  -0.775  -0.088  -0.805  -0.115
  -0.800  -0.122  -0.802  -0.134  -0.837  -0.168  -0.835  -0.178
  -0.806  -0.174  -0.804  -0.187  -0.818  -0.212  -0.813  -0.231
  -0.790  -0.249  -0.780  -0.268  -0.783  -0.288  -0.705  -0.340
  -0.551  -0.413  -0.503  -0.492  -0.490  -0.474
  0.844  0.347  0.846  0.367  0.842  0.379  0.830  0.388
  0.820  0.397  0.805  0.405  0.774  0.408  0.727  0.412
  0.668  0.415  0.613  0.412  0.547  0.404  0.482  0.394
  0.425  0.382  0.364  0.368  0.299  0.354  0.229  0.340
  0.145  0.329  0.045  0.321  -0.057  0.316  -0.209  0.353
  -0.321  0.372  -0.291  0.298  -0.279  0.235  -0.289  0.193
  -0.301  0.144  -0.352  0.114  -0.451  0.085  -0.549  0.052
  -0.598  0.023  -0.679  -0.004  -0.733  -0.028  -0.732  -0.045
  -0.740  -0.057  -0.744  -0.067  -0.773  -0.093  -0.786  -0.111
  -0.780  -0.118  -0.790  -0.135  -0.819  -0.166  -0.813  -0.175
  -0.778  -0.166  -0.778  -0.182  -0.801  -0.212  -0.781  -0.231
  -0.760  -0.249  -0.769  -0.271  -0.743  -0.302  -0.641  -0.361
  -0.525  -0.437  -0.505  -0.517  -0.500  -0.495
  0.858  0.340  0.861  0.360  0.855  0.372  0.845  0.382
  0.835  0.391  0.821  0.400  0.799  0.406  0.766  0.411
  0.713  0.416  0.652  0.417  0.597  0.413  0.532  0.405
  0.467  0.394  0.396  0.379  0.326  0.363  0.262  0.349
  0.184  0.336  0.099  0.324  0.007  0.313  -0.116  0.327
  -0.262  0.362  -0.314  0.342  -0.281  0.259  -0.269  0.200
  -0.298  0.163  -0.337  0.123  -0.396  0.085  -0.507  0.060
  -0.583  0.027  -0.633  0.001  -0.702  -0.023  -0.717  -0.041
  -0.713  -0.049  -0.726  -0.065  -0.755  -0.091  -0.754  -0.101
  -0.753  -0.110  -0.779  -0.139  -0.793  -0.160  -0.783  -0.166
  -0.764  -0.168  -0.770  -0.187  -0.787  -0.214  -0.764  -0.233
  -0.739  -0.250  -0.752  -0.274  -0.702  -0.316  -0.570  -0.383
  -0.489  -0.461  -0.497  -0.533  -0.490  -0.513
  0.865  0.328  0.869  0.350  0.864  0.362  0.856  0.373
  0.844  0.383  0.833  0.393  0.817  0.402  0.794  0.408
  0.752  0.415  0.692  0.419  0.638  0.418  0.574  0.413
  0.509  0.403  0.450  0.393  0.377  0.377  0.304  0.360
  0.227  0.345  0.132  0.333  0.034  0.323  -0.058  0.319
  -0.188  0.343  -0.287  0.354  -0.279  0.285  -0.270  0.223
  -0.292  0.180  -0.313  0.126  -0.367  0.093  -0.463  0.064
  -0.561  0.030  -0.582  0.010  -0.663  -0.017  -0.705  -0.034
  -0.688  -0.044  -0.718  -0.069  -0.733  -0.087  -0.731  -0.095
  -0.735  -0.108  -0.760  -0.136  -0.762  -0.149  -0.740  -0.149
  -0.742  -0.165  -0.762  -0.193  -0.762  -0.215  -0.741  -0.234
  -0.732  -0.254  -0.738  -0.277  -0.662  -0.327  -0.519  -0.414
  -0.476  -0.491  -0.484  -0.541  -0.481  -0.523
  0.869  0.316  0.874  0.339  0.872  0.352  0.863  0.364
  0.854  0.375  0.845  0.386  0.833  0.396  0.814  0.404
  0.776  0.411  0.726  0.418  0.677  0.419  0.621  0.417
  0.555  0.411  0.494  0.402  0.424  0.389  0.350  0.372
  0.283  0.357  0.194  0.341  0.097  0.330  -0.004  0.322
  -0.143  0.347  -0.259  0.366  -0.271  0.309  -0.270  0.247
  -0.271  0.185  -0.309  0.142  -0.348  0.102  -0.428  0.059
  -0.533  0.033  -0.547  0.017  -0.609  -0.010  -0.672  -0.031
  -0.671  -0.041  -0.699  -0.067  -0.703  -0.078  -0.705  -0.088
  -0.730  -0.114  -0.739  -0.132  -0.729  -0.139  -0.713  -0.142
  -0.724  -0.164  -0.745  -0.194  -0.732  -0.215  -0.710  -0.234
  -0.723  -0.259  -0.700  -0.289  -0.581  -0.351  -0.475  -0.435
  -0.490  -0.504  -0.472  -0.539  -0.475  -0.520
  0.874  0.304  0.880  0.328  0.876  0.341  0.870  0.354
  0.863  0.366  0.854  0.378  0.844  0.389  0.828  0.399
  0.800  0.407  0.751  0.414  0.692  0.419  0.648  0.418
  0.596  0.415  0.541  0.410  0.476  0.400  0.400  0.384
  0.326  0.367  0.248  0.351  0.157  0.338  0.059  0.327
  -0.051  0.330  -0.189  0.355  -0.274  0.345  -0.267  0.272
  -0.269  0.204  -0.296  0.160  -0.314  0.107  -0.381  0.069
  -0.477  0.046  -0.538  0.022  -0.554  0.000  -0.621  -0.022
  -0.668  -0.041  -0.678  -0.066  -0.685  -0.077  -0.680  -0.082
  -0.712  -0.113  -0.710  -0.124  -0.686  -0.122  -0.691  -0.139
  -0.717  -0.171  -0.721  -0.195  -0.703  -0.216  -0.695  -0.237
  -0.709  -0.266  -0.652  -0.317  -0.491  -0.383  -0.446  -0.451
  -0.483  -0.517  -0.455  -0.535  -0.460  -0.518
  0.870  0.289  0.878  0.314  0.877  0.329  0.874  0.342
  0.867  0.355  0.859  0.368  0.848  0.380  0.834  0.390
  0.816  0.400  0.779  0.408  0.724  0.416  0.676  0.418
  0.621  0.417  0.562  0.413  0.510  0.406  0.446  0.394
  0.380  0.379  0.306  0.363  0.220  0.349  0.124  0.336
  0.024  0.323  -0.109  0.338  -0.232  0.353  -0.250  0.296
  -0.263  0.229  -0.263  0.166  -0.290  0.116  -0.337  0.081
  -0.417  0.055  -0.499  0.030  -0.511  0.014  -0.561  -0.006
  -0.648  -0.042  -0.649  -0.061  -0.657  -0.072  -0.667  -0.085
  -0.695  -0.113  -0.691  -0.122  -0.659  -0.115  -0.666  -0.135
  -0.699  -0.172  -0.696  -0.199  -0.679  -0.223  -0.695  -0.249
  -0.698  -0.298  -0.623  -0.370  -0.500  -0.441  -0.479  -0.508
  -0.498  -0.558  -0.476  -0.575  -0.487  -0.560
  0.863  0.272  0.872  0.299  0.873  0.315  0.871  0.329
  0.866  0.343  0.858  0.356  0.849  0.368  0.836  0.380
  0.821  0.390  0.798  0.400  0.754  0.410  0.700  0.417
  0.655  0.417  0.600  0.415  0.543  0.410  0.477  0.400
  0.408  0.387  0.343  0.374  0.269  0.361  0.186  0.346
  0.096  0.330  -0.016  0.328  -0.149  0.346  -0.237  0.332
  -0.246  0.255  -0.233  0.178  -0.268  0.132  -0.312  0.095
  -0.350  0.063  -0.440  0.043  -0.487  0.026  -0.509  0.010
  -0.600  -0.029  -0.613  -0.047  -0.612  -0.058  -0.651  -0.088
  -0.669  -0.108  -0.662  -0.115  -0.643  -0.117  -0.660  -0.144
  -0.697  -0.185  -0.706  -0.224  -0.706  -0.265  -0.733  -0.299
  -0.725  -0.367  -0.615  -0.454  -0.537  -0.530  -0.558  -0.599
  -0.534  -0.613  -0.500  -0.623  -0.516  -0.607
  0.854  0.255  0.865  0.283  0.866  0.299  0.864  0.314
  0.859  0.328  0.853  0.341  0.845  0.354  0.834  0.367
  0.820  0.378  0.804  0.389  0.773  0.400  0.723  0.410
  0.680  0.415  0.630  0.415  0.574  0.412  0.519  0.405
  0.453  0.395  0.386  0.383  0.316  0.371  0.233  0.360
  0.141  0.348  0.052  0.334  -0.065  0.339  -0.176  0.340
  -0.198  0.270  -0.207  0.198  -0.249  0.152  -0.272  0.101
  -0.309  0.076  -0.363  0.062  -0.430  0.044  -0.469  0.017
  -0.536  -0.014  -0.591  -0.037  -0.579  -0.050  -0.620  -0.083
  -0.634  -0.099  -0.619  -0.100  -0.624  -0.118  -0.679  -0.171
  -0.734  -0.232  -0.748  -0.279  -0.783  -0.338  -0.833  -0.398
  -0.789  -0.464  -0.626  -0.552  -0.581  -0.621  -0.614  -0.672
  -0.582  -0.684  -0.554  -0.706  -0.577  -0.690
  0.840  0.235  0.852  0.265  0.854  0.281  0.853  0.296
  0.850  0.311  0.845  0.325  0.838  0.339  0.828  0.352
  0.815  0.364  0.802  0.376  0.781  0.387  0.743  0.399
  0.694  0.409  0.655  0.412  0.605  0.412  0.552  0.408
  0.493  0.401  0.427  0.391  0.369  0.381  0.297  0.372
  0.212  0.361  0.122  0.346  0.003  0.350  -0.124  0.357
  -0.160  0.295  -0.185  0.229  -0.201  0.165  -0.236  0.125
  -0.268  0.098  -0.291  0.073  -0.358  0.065  -0.440  0.028
  -0.465  0.007  -0.528  -0.015  -0.565  -0.049  -0.583  -0.074
  -0.595  -0.089  -0.597  -0.101  -0.635  -0.140  -0.722  -0.218
  -0.803  -0.307  -0.817  -0.363  -0.884  -0.436  -0.912  -0.514
  -0.813  -0.602  -0.656  -0.682  -0.659  -0.718  -0.674  -0.758
  -0.639  -0.774  -0.584  -0.769  -0.617  -0.756
  0.824  0.215  0.837  0.245  0.840  0.262  0.840  0.277
  0.838  0.293  0.833  0.307  0.828  0.322  0.819  0.336
  0.807  0.348  0.794  0.361  0.778  0.372  0.751  0.385
  0.707  0.398  0.670  0.405  0.628  0.409  0.579  0.410
  0.534  0.407  0.477  0.400  0.418  0.392  0.356  0.384
  0.281  0.374  0.194  0.359  0.098  0.348  -0.031  0.352
  -0.129  0.331  -0.155  0.258  -0.168  0.189  -0.208  0.149
  -0.209  0.113  -0.225  0.097  -0.302  0.079  -0.389  0.045
  -0.397  0.029  -0.456  0.004  -0.547  -0.042  -0.555  -0.069
  -0.575  -0.091  -0.627  -0.137  -0.717  -0.214  -0.791  -0.292
  -0.874  -0.393  -0.950  -0.484  -1.043  -0.562  -1.018  -0.636
  -0.750  -0.753  -0.687  -0.822  -0.761  -0.853  -0.694  -0.837
  -0.665  -0.856  -0.627  -0.858  -0.671  -0.844
  0.807  0.189  0.822  0.222  0.820  0.243  0.809  0.265
  0.820  0.273  0.819  0.288  0.814  0.303  0.807  0.317
  0.798  0.331  0.783  0.343  0.767  0.355  0.746  0.369
  0.713  0.385  0.682  0.395  0.648  0.403  0.607  0.408
  0.567  0.410  0.521  0.409  0.467  0.403  0.419  0.398
  0.354  0.389  0.275  0.377  0.188  0.357  0.070  0.348
  -0.065  0.347  -0.110  0.285  -0.137  0.224  -0.146  0.168
  -0.150  0.138  -0.165  0.126  -0.242  0.098  -0.323  0.071
  -0.340  0.052  -0.412  0.011  -0.524  -0.043  -0.569  -0.094
  -0.616  -0.138  -0.702  -0.211  -0.826  -0.302  -0.937  -0.369
  -1.019  -0.455  -1.126  -0.569  -1.206  -0.634  -1.140  -0.698
  -0.857  -0.816  -0.868  -0.857  -0.854  -0.922  -0.742  -0.921
  -0.677  -0.946  -0.630  -0.930  -0.705  -0.909
  0.799  0.154  0.817  0.189  0.810  0.214  0.788  0.244
  0.799  0.253  0.788  0.274  0.796  0.282  0.792  0.297
  0.785  0.312  0.770  0.324  0.757  0.337  0.742  0.352
  0.716  0.369  0.681  0.387  0.658  0.396  0.629  0.404
  0.598  0.410  0.560  0.413  0.515  0.413  0.471  0.410
  0.421  0.404  0.359  0.396  0.278  0.380  0.184  0.364
  0.048  0.357  -0.057  0.333  -0.085  0.265  -0.077  0.200
  -0.087  0.175  -0.110  0.158  -0.163  0.115  -0.245  0.095
  -0.301  0.071  -0.373  0.018  -0.544  -0.064  -0.687  -0.137
  -0.720  -0.205  -0.825  -0.293  -0.943  -0.368  -1.105  -0.427
  -1.211  -0.493  -1.305  -0.580  -1.324  -0.653  -1.230  -0.718
  -1.070  -0.844  -1.051  -0.874  -0.948  -0.935  -0.900  -0.973
  -0.724  -0.996  -0.611  -1.017  -0.728  -0.975
  0.787  0.118  0.806  0.155  0.806  0.177  0.794  0.202
  0.789  0.222  0.767  0.251  0.775  0.261  0.762  0.282
  0.767  0.291  0.757  0.304  0.745  0.318  0.734  0.333
  0.718  0.351  0.690  0.373  0.667  0.387  0.642  0.399
  0.611  0.409  0.586  0.415  0.555  0.418  0.519  0.419
  0.478  0.417  0.428  0.413  0.363  0.405  0.280  0.388
  0.161  0.381  0.027  0.370  -0.006  0.301  -0.010  0.243
  -0.026  0.220  -0.044  0.173  -0.101  0.144  -0.165  0.119
  -0.270  0.083  -0.421  0.007  -0.620  -0.100  -0.875  -0.159
  -0.869  -0.245  -0.949  -0.315  -1.052  -0.393  -1.156  -0.469
  -1.267  -0.543  -1.388  -0.615  -1.393  -0.685  -1.313  -0.744
  -1.168  -0.843  -1.079  -0.886  -1.071  -0.931  -0.978  -0.978
  -0.820  -1.013  -0.663  -1.066  -0.794  -1.008
  0.758  0.088  0.778  0.126  0.783  0.146  0.784  0.165
  0.781  0.185  0.769  0.209  0.763  0.229  0.740  0.258
  0.749  0.267  0.741  0.284  0.719  0.303  0.719  0.314
  0.712  0.331  0.696  0.353  0.672  0.377  0.655  0.390
  0.633  0.403  0.610  0.414  0.583  0.422  0.548  0.427
  0.517  0.429  0.476  0.432  0.427  0.428  0.350  0.429
  0.213  0.446  0.123  0.401  0.069  0.351  0.040  0.308
  0.045  0.263  0.022  0.202  -0.055  0.178  -0.094  0.132
  -0.286  0.080  -0.587  -0.010  -0.688  -0.117  -0.894  -0.154
  -0.968  -0.259  -1.044  -0.328  -1.154  -0.420  -1.231  -0.493
  -1.309  -0.567  -1.376  -0.633  -1.395  -0.686  -1.334  -0.736
  -1.216  -0.800  -1.156  -0.851  -1.091  -0.906  -0.974  -0.962
  -0.865  -1.007  -0.730  -1.046  -0.854  -0.986
  0.723  0.060  0.744  0.098  0.750  0.117  0.753  0.135
  0.754  0.153  0.754  0.173  0.751  0.193  0.739  0.216
  0.739  0.233  0.729  0.254  0.702  0.280  0.710  0.292
  0.721  0.312  0.700  0.332  0.681  0.359  0.667  0.378
  0.651  0.401  0.627  0.433  0.607  0.438  0.564  0.460
  0.544  0.458  0.493  0.475  0.447  0.464  0.391  0.471
  0.289  0.483  0.196  0.458  0.137  0.421  0.077  0.384
  0.036  0.337  -0.002  0.275  -0.052  0.206  -0.110  0.130
  -0.309  0.074  -0.658  -0.030  -0.712  -0.101  -0.903  -0.156
  -0.987  -0.250  -1.080  -0.334  -1.207  -0.433  -1.279  -0.492
  -1.345  -0.548  -1.377  -0.597  -1.391  -0.646  -1.351  -0.700
  -1.236  -0.761  -1.174  -0.813  -1.055  -0.870  -0.952  -0.925
  -0.847  -0.975  -0.730  -1.022  -0.860  -0.956
  0.684  0.030  0.723  0.062  0.713  0.087  0.716  0.105
  0.718  0.124  0.724  0.139  0.749  0.142  0.781  0.146
  0.740  0.190  0.730  0.215  0.713  0.244  0.694  0.281
  0.715  0.289  0.710  0.315  0.686  0.363  0.692  0.373
  0.686  0.395  0.665  0.432  0.632  0.471  0.610  0.489
  0.577  0.509  0.541  0.525  0.479  0.530  0.414  0.534
  0.368  0.533  0.306  0.505  0.231  0.477  0.145  0.436
  0.034  0.382  -0.048  0.329  -0.121  0.257  -0.223  0.145
  -0.331  0.077  -0.631  -0.017  -0.717  -0.098  -0.913  -0.183
  -0.994  -0.255  -1.080  -0.328  -1.178  -0.401  -1.253  -0.457
  -1.315  -0.508  -1.344  -0.555  -1.368  -0.604  -1.346  -0.657
  -1.226  -0.716  -1.129  -0.773  -1.018  -0.829  -0.914  -0.883
  -0.791  -0.939  -0.632  -0.992  -0.784  -0.922
  0.626  0.004  0.663  0.036  0.670  0.054  0.707  0.055
  0.747  0.035  0.703  0.094  0.720  0.096  0.741  0.116
  0.716  0.162  0.727  0.172  0.714  0.206  0.708  0.237
  0.696  0.276  0.710  0.292  0.702  0.335  0.697  0.376
  0.691  0.405  0.691  0.430  0.672  0.467  0.646  0.496
  0.636  0.517  0.617  0.535  0.584  0.545  0.530  0.554
  0.472  0.559  0.431  0.536  0.354  0.507  0.223  0.455
  0.080  0.386  -0.021  0.328  -0.132  0.260  -0.247  0.173
  -0.366  0.086  -0.564  -0.010  -0.724  -0.112  -0.856  -0.194
  -0.963  -0.254  -1.030  -0.308  -1.102  -0.364  -1.164  -0.417
  -1.220  -0.468  -1.266  -0.517  -1.298  -0.566  -1.277  -0.618
  -1.180  -0.674  -1.085  -0.730  -0.980  -0.787  -0.843  -0.844
  -0.669  -0.905  -0.557  -0.950  -0.710  -0.880
  0.567  -0.027  0.597  -0.004  0.627  -0.029  0.699  0.000
  0.717  -0.016  0.685  0.038  0.669  0.063  0.667  0.101
  0.675  0.110  0.659  0.159  0.667  0.178  0.663  0.209
  0.661  0.244  0.667  0.272  0.670  0.306  0.676  0.351
  0.677  0.387  0.680  0.420  0.676  0.455  0.668  0.483
  0.662  0.512  0.653  0.533  0.635  0.554  0.601  0.565
  0.580  0.572  0.530  0.556  0.437  0.521  0.315  0.464
  0.182  0.397  0.042  0.325  -0.079  0.253  -0.210  0.175
  -0.340  0.093  -0.500  -0.011  -0.665  -0.118  -0.747  -0.168
  -0.864  -0.230  -0.922  -0.277  -0.982  -0.331  -1.044  -0.385
  -1.098  -0.435  -1.144  -0.485  -1.173  -0.533  -1.169  -0.582
  -1.124  -0.634  -1.032  -0.689  -0.904  -0.748  -0.716  -0.810
  -0.585  -0.863  -0.424  -0.917  -0.594  -0.843
  0.511  -0.072  0.542  -0.090  0.615  -0.096  0.643  -0.061
  0.633  -0.055  0.611  -0.005  0.596  0.044  0.591  0.063
  0.609  0.074  0.613  0.080  0.614  0.132  0.619  0.169
  0.625  0.200  0.632  0.231  0.640  0.265  0.651  0.306
  0.662  0.358  0.671  0.389  0.677  0.427  0.684  0.464
  0.689  0.497  0.688  0.529  0.680  0.552  0.639  0.568
  0.624  0.573  0.578  0.559  0.503  0.525  0.398  0.470
  0.273  0.404  0.143  0.330  0.010  0.251  -0.135  0.167
  -0.259  0.088  -0.404  -0.003  -0.573  -0.110  -0.619  -0.135
  -0.713  -0.192  -0.784  -0.246  -0.843  -0.300  -0.902  -0.353
  -0.954  -0.404  -0.998  -0.453  -1.025  -0.501  -1.038  -0.550
  -1.021  -0.598  -0.952  -0.651  -0.781  -0.712  -0.641  -0.770
  -0.465  -0.827  -0.341  -0.882  -0.496  -0.806
  0.470  -0.128  0.539  -0.163  0.566  -0.160  0.550  -0.119
  0.538  -0.072  0.525  -0.057  0.523  -0.041  0.535  -0.000
  0.543  0.003  0.557  0.037  0.564  0.071  0.572  0.103
  0.583  0.123  0.594  0.170  0.609  0.209  0.623  0.249
  0.641  0.303  0.657  0.346  0.668  0.397  0.686  0.434
  0.701  0.472  0.711  0.509  0.719  0.540  0.704  0.562
  0.670  0.571  0.615  0.559  0.556  0.526  0.458  0.472
  0.334  0.396  0.219  0.323  0.082  0.241  -0.045  0.160
  -0.169  0.084  -0.294  0.012  -0.414  -0.058  -0.483  -0.104
  -0.559  -0.159  -0.627  -0.215  -0.690  -0.269  -0.745  -0.322
  -0.796  -0.373  -0.838  -0.423  -0.865  -0.471  -0.885  -0.518
  -0.884  -0.566  -0.810  -0.617  -0.628  -0.679  -0.552  -0.731
  -0.288  -0.796  -0.259  -0.843  -0.393  -0.769
  0.428  -0.194  0.494  -0.221  0.480  -0.204  0.464  -0.141
  0.445  -0.128  0.439  -0.138  0.456  -0.119  0.473  -0.075
  0.476  -0.075  0.493  -0.021  0.493  -0.011  0.514  0.042
  0.525  0.074  0.540  0.115  0.555  0.153  0.573  0.195
  0.597  0.250  0.618  0.295  0.637  0.347  0.660  0.397
  0.682  0.441  0.703  0.484  0.721  0.522  0.725  0.552
  0.708  0.569  0.676  0.563  0.617  0.530  0.511  0.467
  0.404  0.387  0.283  0.309  0.130  0.224  0.034  0.155
  -0.069  0.096  -0.166  0.038  -0.254  -0.018  -0.339  -0.073
  -0.400  -0.128  -0.463  -0.182  -0.525  -0.236  -0.577  -0.289
  -0.626  -0.339  -0.667  -0.389  -0.695  -0.437  -0.712  -0.487
  -0.723  -0.535  -0.643  -0.584  -0.460  -0.647  -0.401  -0.696
  -0.139  -0.760  -0.054  -0.807  -0.202  -0.735
  0.381  -0.258  0.404  -0.271  0.373  -0.237  0.368  -0.200
  0.363  -0.194  0.368  -0.208  0.378  -0.193  0.400  -0.141
  0.398  -0.141  0.422  -0.088  0.417  -0.083  0.440  -0.027
  0.444  -0.009  0.471  0.052  0.491  0.098  0.510  0.140
  0.535  0.190  0.565  0.249  0.592  0.298  0.623  0.357
  0.649  0.391  0.682  0.454  0.704  0.494  0.721  0.535
  0.722  0.561  0.696  0.564  0.648  0.531  0.549  0.458
  0.452  0.375  0.344  0.298  0.227  0.225  0.125  0.168
  0.041  0.116  -0.037  0.065  -0.102  0.014  -0.184  -0.042
  -0.210  -0.120  -0.276  -0.156  -0.334  -0.211  -0.381  -0.266
  -0.426  -0.316  -0.470  -0.363  -0.543  -0.389  -0.532  -0.455
  -0.546  -0.503  -0.474  -0.552  -0.279  -0.615  -0.157  -0.669
  0.032  -0.725  0.101  -0.767  -0.026  -0.700
  0.327  -0.317  0.320  -0.319  0.292  -0.289  0.282  -0.271
  0.276  -0.274  0.288  -0.285  0.296  -0.264  0.320  -0.206
  0.305  -0.222  0.318  -0.185  0.344  -0.130  0.338  -0.123
  0.373  -0.059  0.394  -0.012  0.413  0.031  0.416  0.047
  0.459  0.119  0.507  0.203  0.527  0.237  0.562  0.296
  0.598  0.347  0.637  0.406  0.670  0.459  0.700  0.510
  0.723  0.549  0.715  0.570  0.674  0.538  0.569  0.451
  0.449  0.334  0.395  0.294  0.326  0.243  0.257  0.190
  0.186  0.137  0.112  0.086  0.056  0.036  -0.008  -0.019
  0.013  -0.121  -0.066  -0.143  -0.114  -0.197  -0.162  -0.251
  -0.207  -0.303  -0.253  -0.348  -0.386  -0.340  -0.346  -0.423
  -0.358  -0.472  -0.271  -0.521  -0.072  -0.584  0.102  -0.641
  0.168  -0.689  0.270  -0.730  0.159  -0.668
  0.259  -0.361  0.226  -0.360  0.197  -0.365  0.198  -0.343
  0.201  -0.356  0.200  -0.361  0.203  -0.341  0.235  -0.284
  0.206  -0.299  0.211  -0.270  0.250  -0.201  0.232  -0.213
  0.231  -0.209  0.297  -0.095  0.323  -0.045  0.343  -0.003
  0.373  0.049  0.411  0.113  0.447  0.170  0.486  0.228
  0.528  0.285  0.569  0.345  0.610  0.403  0.655  0.462
  0.699  0.522  0.721  0.572  0.703  0.553  0.596  0.451
  0.471  0.289  0.452  0.285  0.408  0.244  0.363  0.195
  0.317  0.145  0.272  0.096  0.225  0.044  0.184  -0.008
  0.163  -0.072  0.130  -0.123  0.091  -0.176  0.045  -0.228
  -0.011  -0.277  -0.097  -0.299  -0.166  -0.325  -0.153  -0.392
  -0.118  -0.442  0.012  -0.496  0.146  -0.554  0.307  -0.606
  0.374  -0.650  0.443  -0.689  0.366  -0.635
  0.183  -0.412  0.129  -0.430  0.119  -0.415  0.108  -0.429
  0.122  -0.430  0.139  -0.392  0.111  -0.408  0.114  -0.389
  0.102  -0.378  0.091  -0.370  0.091  -0.364  0.153  -0.264
  0.155  -0.261  0.197  -0.179  0.227  -0.132  0.253  -0.074
  0.285  -0.019  0.318  0.035  0.356  0.093  0.398  0.152
  0.439  0.211  0.482  0.276  0.530  0.334  0.574  0.394
  0.635  0.470  0.646  0.500  0.709  0.542  0.645  0.449
  0.556  0.334  0.517  0.285  0.487  0.241  0.457  0.196
  0.426  0.149  0.396  0.101  0.371  0.053  0.350  0.005
  0.327  -0.045  0.303  -0.096  0.271  -0.149  0.236  -0.200
  0.178  -0.246  0.036  -0.234  0.071  -0.313  0.070  -0.363
  0.186  -0.416  0.281  -0.471  0.389  -0.523  0.469  -0.568
  0.575  -0.608  0.595  -0.648  0.543  -0.600
  0.109  -0.461  0.064  -0.466  0.048  -0.461  0.030  -0.493
  0.034  -0.499  0.036  -0.481  0.023  -0.484  0.002  -0.472
  -0.016  -0.471  -0.036  -0.488  0.030  -0.383  0.049  -0.356
  0.085  -0.293  0.113  -0.232  0.144  -0.179  0.174  -0.125
  0.206  -0.071  0.241  -0.015  0.279  0.043  0.319  0.101
  0.362  0.161  0.400  0.219  0.451  0.282  0.458  0.323
  0.545  0.408  0.587  0.460  0.654  0.497  0.661  0.445
  0.619  0.374  0.583  0.310  0.556  0.258  0.536  0.213
  0.516  0.168  0.501  0.123  0.480  0.073  0.469  0.023
  0.459  -0.027  0.454  -0.077  0.443  -0.127  0.427  -0.173
  0.367  -0.221  0.223  -0.200  0.317  -0.287  0.340  -0.336
  0.472  -0.392  0.522  -0.440  0.629  -0.486  0.654  -0.525
  0.719  -0.566  0.769  -0.600  0.728  -0.560
  0.028  -0.515  -0.016  -0.514  -0.042  -0.521  -0.056  -0.563
  -0.067  -0.575  -0.078  -0.574  -0.091  -0.577  -0.114  -0.562
  -0.119  -0.549  -0.103  -0.520  -0.062  -0.455  -0.023  -0.390
  0.003  -0.331  0.032  -0.277  0.063  -0.223  0.095  -0.168
  0.129  -0.112  0.165  -0.056  0.204  0.003  0.238  0.057
  0.281  0.117  0.281  0.154  0.363  0.233  0.400  0.289
  0.455  0.354  0.513  0.420  0.582  0.461  0.638  0.446
  0.634  0.399  0.618  0.341  0.598  0.276  0.586  0.226
  0.575  0.181  0.566  0.135  0.567  0.090  0.576  0.043
  0.588  -0.006  0.604  -0.056  0.620  -0.104  0.620  -0.149
  0.558  -0.196  0.442  -0.178  0.561  -0.261  0.620  -0.316
  0.706  -0.364  0.766  -0.405  0.804  -0.444  0.847  -0.479
  0.871  -0.519  0.918  -0.545  0.896  -0.511
  -0.059  -0.563  -0.109  -0.566  -0.123  -0.582  -0.146  -0.625
  -0.162  -0.641  -0.175  -0.645  -0.198  -0.641  -0.226  -0.645
  -0.239  -0.655  -0.174  -0.563  -0.131  -0.487  -0.103  -0.427
  -0.078  -0.374  -0.049  -0.320  -0.019  -0.267  0.015  -0.211
  0.053  -0.152  0.087  -0.098  0.121  -0.043  0.116  -0.007
  0.191  0.068  0.224  0.123  0.273  0.185  0.324  0.248
  0.378  0.313  0.436  0.379  0.502  0.424  0.577  0.429
  0.611  0.405  0.620  0.361  0.619  0.302  0.616  0.241
  0.615  0.196  0.620  0.152  0.636  0.108  0.658  0.061
  0.693  0.013  0.739  -0.035  0.795  -0.082  0.829  -0.126
  0.721  -0.151  0.707  -0.172  0.800  -0.238  0.844  -0.290
  0.900  -0.332  0.943  -0.371  0.952  -0.403  0.997  -0.431
  1.008  -0.463  1.024  -0.484  1.018  -0.456
  -0.132  -0.600  -0.181  -0.611  -0.202  -0.629  -0.224  -0.672
  -0.241  -0.687  -0.250  -0.690  -0.300  -0.709  -0.351  -0.741
  -0.303  -0.679  -0.256  -0.606  -0.213  -0.530  -0.189  -0.472
  -0.160  -0.418  -0.129  -0.363  -0.099  -0.311  -0.065  -0.254
  -0.035  -0.198  -0.040  -0.165  0.030  -0.092  0.060  -0.038
  0.101  0.020  0.145  0.080  0.193  0.142  0.245  0.205
  0.299  0.271  0.356  0.336  0.421  0.390  0.496  0.408
  0.558  0.401  0.593  0.371  0.615  0.325  0.626  0.263
  0.637  0.211  0.653  0.168  0.684  0.127  0.725  0.082
  0.780  0.035  0.858  -0.012  0.960  -0.059  1.056  -0.106
  0.915  -0.103  0.970  -0.160  1.036  -0.213  1.029  -0.255
  1.061  -0.297  1.082  -0.330  1.096  -0.360  1.117  -0.389
  1.110  -0.416  1.115  -0.418  1.122  -0.393
  -0.192  -0.627  -0.237  -0.642  -0.279  -0.680  -0.343  -0.764
  -0.351  -0.759  -0.372  -0.767  -0.398  -0.780  -0.423  -0.784
  -0.391  -0.743  -0.325  -0.632  -0.296  -0.568  -0.269  -0.515
  -0.240  -0.462  -0.208  -0.406  -0.177  -0.353  -0.144  -0.297
  -0.119  -0.244  -0.129  -0.213  -0.059  -0.140  -0.018  -0.081
  0.022  -0.022  0.068  0.038  0.116  0.100  0.166  0.163
  0.221  0.228  0.279  0.296  0.338  0.355  0.407  0.387
  0.480  0.393  0.543  0.377  0.588  0.344  0.619  0.288
  0.646  0.233  0.674  0.191  0.709  0.148  0.765  0.106
  0.847  0.064  0.951  0.019  1.079  -0.027  1.200  -0.068
  1.164  -0.086  1.189  -0.135  1.211  -0.177  1.199  -0.215
  1.202  -0.255  1.211  -0.283  1.215  -0.314  1.219  -0.343
  1.211  -0.365  1.210  -0.368  1.219  -0.344
  -0.274  -0.675  -0.344  -0.719  -0.361  -0.734  -0.413  -0.804
  -0.444  -0.815  -0.469  -0.827  -0.507  -0.864  -0.533  -0.872
  -0.461  -0.774  -0.408  -0.680  -0.376  -0.611  -0.348  -0.558
  -0.318  -0.504  -0.286  -0.449  -0.254  -0.395  -0.221  -0.340
  -0.188  -0.285  -0.159  -0.232  -0.126  -0.180  -0.100  -0.131
  -0.072  -0.067  -0.010  -0.004  0.037  0.056  0.084  0.119
  0.141  0.186  0.200  0.254  0.258  0.318  0.320  0.366
  0.388  0.385  0.460  0.381  0.523  0.357  0.576  0.311
  0.624  0.255  0.664  0.217  0.710  0.179  0.777  0.141
  0.862  0.102  0.961  0.065  1.111  0.022  1.234  -0.015
  1.335  -0.065  1.354  -0.104  1.336  -0.132  1.324  -0.165
  1.307  -0.204  1.316  -0.237  1.312  -0.264  1.304  -0.286
  1.298  -0.303  1.292  -0.315  1.299  -0.290
  -0.329  -0.695  -0.411  -0.754  -0.459  -0.803  -0.481  -0.845
  -0.528  -0.872  -0.566  -0.881  -0.592  -0.891  -0.584  -0.877
  -0.545  -0.821  -0.499  -0.747  -0.454  -0.657  -0.425  -0.599
  -0.395  -0.546  -0.363  -0.491  -0.330  -0.435  -0.297  -0.381
  -0.262  -0.326  -0.226  -0.270  -0.190  -0.215  -0.155  -0.162
  -0.119  -0.103  -0.076  -0.043  -0.039  0.012  -0.006  0.076
  0.064  0.144  0.124  0.212  0.178  0.280  0.234  0.338
  0.294  0.375  0.362  0.386  0.430  0.373  0.497  0.334
  0.559  0.282  0.607  0.250  0.659  0.219  0.726  0.190
  0.795  0.163  0.900  0.128  1.083  0.081  1.262  0.028
  1.371  -0.018  1.408  -0.053  1.408  -0.080  1.405  -0.110
  1.382  -0.150  1.383  -0.188  1.375  -0.210  1.363  -0.225
  1.353  -0.241  1.347  -0.268  1.353  -0.242
  -0.393  -0.715  -0.446  -0.762  -0.492  -0.785  -0.533  -0.830
  -0.579  -0.881  -0.655  -0.923  -0.704  -0.966  -0.663  -0.931
  -0.631  -0.876  -0.579  -0.791  -0.531  -0.704  -0.502  -0.642
  -0.470  -0.587  -0.441  -0.534  -0.407  -0.478  -0.373  -0.423
  -0.338  -0.367  -0.301  -0.311  -0.265  -0.256  -0.226  -0.199
  -0.184  -0.139  -0.142  -0.082  -0.098  -0.022  -0.051  0.043
  -0.000  0.106  0.049  0.169  0.093  0.242  0.156  0.310
  0.207  0.362  0.262  0.389  0.322  0.383  0.386  0.358
  0.444  0.317  0.492  0.298  0.543  0.280  0.598  0.265
  0.689  0.235  0.826  0.194  1.019  0.143  1.233  0.085
  1.334  0.048  1.393  0.009  1.436  -0.026  1.449  -0.057
  1.443  -0.099  1.428  -0.131  1.413  -0.148  1.401  -0.163
  1.390  -0.177  1.388  -0.214  1.392  -0.188
  -0.459  -0.743  -0.498  -0.786  -0.540  -0.797  -0.592  -0.847
  -0.647  -0.896  -0.702  -0.910  -0.731  -0.937  -0.744  -0.962
  -0.737  -0.965  -0.662  -0.855  -0.609  -0.756  -0.578  -0.686
  -0.547  -0.629  -0.514  -0.573  -0.482  -0.519  -0.448  -0.464
  -0.412  -0.408  -0.377  -0.352  -0.338  -0.295  -0.298  -0.238
  -0.259  -0.179  -0.216  -0.121  -0.168  -0.058  -0.120  0.010
  -0.067  0.072  -0.010  0.142  0.041  0.226  0.085  0.304
  0.128  0.354  0.169  0.380  0.210  0.384  0.265  0.386
  0.295  0.374  0.315  0.380  0.378  0.369  0.468  0.342
  0.584  0.300  0.704  0.267  0.922  0.211  1.180  0.150
  1.277  0.116  1.343  0.078  1.425  0.037  1.453  0.001
  1.468  -0.038  1.462  -0.071  1.437  -0.088  1.420  -0.101
  1.417  -0.126  1.408  -0.153  1.410  -0.123
  -0.537  -0.760  -0.568  -0.815  -0.607  -0.831  -0.668  -0.866
  -0.725  -0.920  -0.769  -0.965  -0.802  -0.963  -0.821  -0.956
  -0.803  -0.968  -0.750  -0.922  -0.700  -0.833  -0.653  -0.745
  -0.620  -0.676  -0.588  -0.617  -0.555  -0.560  -0.522  -0.505
  -0.486  -0.448  -0.449  -0.392  -0.411  -0.333  -0.373  -0.273
  -0.332  -0.211  -0.287  -0.153  -0.244  -0.086  -0.203  -0.005
  -0.141  0.054  -0.088  0.128  -0.033  0.225  0.015  0.302
  0.055  0.352  0.092  0.393  0.119  0.424  0.146  0.433
  0.140  0.455  0.120  0.488  0.212  0.467  0.353  0.407
  0.431  0.381  0.592  0.336  0.836  0.281  1.106  0.219
  1.191  0.186  1.295  0.147  1.384  0.107  1.435  0.064
  1.457  0.033  1.472  -0.010  1.447  -0.030  1.435  -0.049
  1.433  -0.074  1.409  -0.091  1.410  -0.060
  -0.582  -0.763  -0.617  -0.807  -0.651  -0.815  -0.699  -0.854
  -0.759  -0.893  -0.807  -0.946  -0.839  -0.960  -0.861  -0.945
  -0.867  -0.966  -0.851  -0.934  -0.805  -0.885  -0.742  -0.825
  -0.696  -0.737  -0.661  -0.672  -0.627  -0.607  -0.594  -0.545
  -0.561  -0.483  -0.523  -0.431  -0.488  -0.362  -0.455  -0.287
  -0.409  -0.234  -0.364  -0.163  -0.320  -0.096  -0.276  -0.016
  -0.224  0.053  -0.169  0.140  -0.129  0.248  -0.082  0.311
  -0.043  0.367  -0.016  0.420  0.000  0.466  0.006  0.501
  0.005  0.533  0.010  0.561  0.067  0.557  0.167  0.512
  0.288  0.464  0.510  0.400  0.783  0.344  0.983  0.298
  1.106  0.259  1.267  0.210  1.324  0.178  1.396  0.126
  1.425  0.099  1.453  0.055  1.448  0.031  1.438  0.010
  1.432  -0.017  1.413  -0.035  1.408  0.001
  -0.648  -0.759  -0.689  -0.836  -0.710  -0.830  -0.757  -0.847
  -0.813  -0.894  -0.872  -0.933  -0.879  -0.909  -0.864  -0.903
  -0.891  -0.959  -0.914  -0.943  -0.904  -0.898  -0.846  -0.836
  -0.794  -0.777  -0.760  -0.715  -0.716  -0.642  -0.678  -0.567
  -0.647  -0.498  -0.608  -0.448  -0.567  -0.378  -0.529  -0.302
  -0.490  -0.253  -0.451  -0.170  -0.408  -0.074  -0.354  -0.012
  -0.312  0.077  -0.264  0.164  -0.221  0.268  -0.190  0.335
  -0.161  0.402  -0.149  0.470  -0.137  0.516  -0.135  0.564
  -0.130  0.602  -0.101  0.619  -0.051  0.619  0.027  0.594
  0.189  0.537  0.430  0.471  0.730  0.407  0.873  0.372
  1.012  0.331  1.205  0.277  1.260  0.246  1.332  0.196
  1.389  0.157  1.421  0.119  1.436  0.086  1.429  0.062
  1.419  0.039  1.425  0.018  1.408  0.056
  -0.711  -0.722  -0.739  -0.791  -0.736  -0.828  -0.777  -0.832
  -0.840  -0.859  -0.903  -0.896  -0.951  -0.901  -0.925  -0.889
  -0.917  -0.873  -0.955  -0.909  -0.923  -0.887  -0.894  -0.812
  -0.881  -0.770  -0.839  -0.713  -0.793  -0.651  -0.727  -0.558
  -0.725  -0.492  -0.715  -0.425  -0.646  -0.351  -0.602  -0.275
  -0.586  -0.249  -0.547  -0.168  -0.510  -0.080  -0.454  -0.001
  -0.413  0.102  -0.370  0.211  -0.335  0.302  -0.300  0.365
  -0.286  0.441  -0.280  0.510  -0.271  0.563  -0.267  0.615
  -0.260  0.658  -0.232  0.681  -0.160  0.673  -0.037  0.643
  0.138  0.597  0.354  0.540  0.641  0.477  0.797  0.438
  0.946  0.396  1.101  0.352  1.184  0.306  1.246  0.265
  1.329  0.218  1.373  0.182  1.425  0.136  1.420  0.105
  1.406  0.096  1.416  0.086  1.393  0.119
  -0.735  -0.697  -0.809  -0.771  -0.839  -0.820  -0.808  -0.794
  -0.832  -0.800  -0.904  -0.869  -0.978  -0.892  -0.975  -0.843
  -0.956  -0.826  -0.997  -0.856  -0.978  -0.806  -0.952  -0.774
  -0.941  -0.736  -0.892  -0.645  -0.848  -0.596  -0.808  -0.538
  -0.779  -0.454  -0.751  -0.375  -0.711  -0.326  -0.694  -0.278
  -0.691  -0.221  -0.665  -0.122  -0.626  -0.035  -0.556  0.027
  -0.510  0.119  -0.478  0.233  -0.444  0.330  -0.422  0.411
  -0.407  0.481  -0.403  0.545  -0.392  0.602  -0.383  0.654
  -0.362  0.697  -0.328  0.726  -0.235  0.716  -0.058  0.683
  0.108  0.649  0.310  0.596  0.557  0.542  0.729  0.499
  0.914  0.451  1.023  0.413  1.098  0.365  1.153  0.330
  1.232  0.287  1.289  0.243  1.371  0.198  1.394  0.166
  1.401  0.150  1.417  0.141  1.373  0.180
  -0.815  -0.674  -0.828  -0.718  -0.868  -0.765  -0.901  -0.797
  -0.867  -0.780  -0.896  -0.799  -0.984  -0.845  -1.005  -0.802
  -0.991  -0.796  -0.993  -0.798  -0.994  -0.750  -0.993  -0.719
  -0.945  -0.660  -0.903  -0.602  -0.879  -0.527  -0.851  -0.450
  -0.812  -0.403  -0.785  -0.328  -0.769  -0.243  -0.771  -0.190
  -0.763  -0.145  -0.728  -0.085  -0.719  -0.013  -0.690  0.051
  -0.640  0.148  -0.575  0.264  -0.532  0.345  -0.526  0.426
  -0.513  0.516  -0.504  0.578  -0.491  0.632  -0.472  0.681
  -0.432  0.721  -0.381  0.750  -0.279  0.746  -0.084  0.719
  0.092  0.690  0.275  0.646  0.470  0.602  0.666  0.555
  0.860  0.506  0.997  0.455  1.032  0.417  1.068  0.388
  1.141  0.346  1.206  0.306  1.280  0.275  1.334  0.245
  1.359  0.218  1.386  0.198  1.332  0.242
  -0.879  -0.661  -0.941  -0.699  -0.918  -0.685  -0.940  -0.738
  -0.938  -0.748  -0.920  -0.748  -0.987  -0.789  -1.025  -0.755
  -1.025  -0.762  -1.013  -0.758  -0.990  -0.690  -1.004  -0.663
  -1.003  -0.636  -0.964  -0.559  -0.943  -0.462  -0.905  -0.383
  -0.844  -0.285  -0.804  -0.205  -0.814  -0.195  -0.825  -0.139
  -0.777  -0.044  -0.766  -0.002  -0.814  0.019  -0.774  0.097
  -0.721  0.193  -0.649  0.292  -0.625  0.357  -0.622  0.422
  -0.581  0.520  -0.580  0.604  -0.560  0.661  -0.526  0.703
  -0.482  0.739  -0.411  0.759  -0.281  0.762  -0.097  0.748
  0.070  0.722  0.244  0.689  0.414  0.651  0.607  0.605
  0.805  0.553  0.944  0.498  0.966  0.463  0.994  0.434
  1.057  0.401  1.140  0.369  1.205  0.346  1.268  0.318
  1.309  0.290  1.327  0.272  1.266  0.312
  -0.884  -0.634  -0.993  -0.675  -0.978  -0.656  -0.984  -0.668
  -1.007  -0.673  -0.998  -0.702  -0.990  -0.710  -1.036  -0.689
  -1.036  -0.707  -1.020  -0.708  -1.033  -0.664  -1.019  -0.590
  -1.033  -0.494  -1.034  -0.407  -0.989  -0.357  -0.945  -0.303
  -0.904  -0.227  -0.864  -0.174  -0.836  -0.119  -0.819  -0.048
  -0.813  0.004  -0.814  0.038  -0.805  0.095  -0.780  0.167
  -0.761  0.232  -0.717  0.308  -0.695  0.372  -0.660  0.435
  -0.632  0.504  -0.639  0.592  -0.619  0.683  -0.552  0.721
  -0.485  0.748  -0.401  0.765  -0.244  0.772  -0.094  0.768
  0.025  0.752  0.222  0.724  0.420  0.683  0.605  0.639
  0.752  0.592  0.849  0.542  0.897  0.504  0.930  0.477
  0.976  0.458  1.071  0.428  1.146  0.404  1.215  0.377
  1.269  0.352  1.279  0.338  1.207  0.377
  -0.825  -0.578  -0.988  -0.640  -1.059  -0.663  -1.054  -0.641
  -1.040  -0.614  -1.032  -0.611  -1.032  -0.626  -1.096  -0.627
  -1.094  -0.598  -1.046  -0.578  -1.046  -0.533  -1.054  -0.463
  -1.050  -0.394  -1.023  -0.331  -0.984  -0.277  -0.938  -0.206
  -0.895  -0.130  -0.851  -0.072  -0.811  -0.028  -0.796  0.013
  -0.820  0.040  -0.848  0.074  -0.801  0.143  -0.746  0.215
  -0.749  0.271  -0.732  0.331  -0.707  0.392  -0.702  0.447
  -0.653  0.505  -0.648  0.575  -0.656  0.663  -0.556  0.732
  -0.452  0.757  -0.388  0.771  -0.251  0.777  -0.092  0.777
  0.021  0.773  0.245  0.744  0.456  0.705  0.587  0.669
  0.679  0.628  0.773  0.576  0.843  0.541  0.872  0.522
  0.910  0.509  1.007  0.480  1.095  0.453  1.171  0.426
  1.232  0.402  1.242  0.391  1.162  0.430
  -0.724  -0.509  -0.869  -0.546  -0.916  -0.548  -0.976  -0.549
  -1.071  -0.542  -1.091  -0.537  -1.119  -0.540  -1.145  -0.494
  -1.065  -0.438  -1.064  -0.428  -1.100  -0.415  -1.065  -0.383
  -1.031  -0.341  -1.001  -0.278  -0.958  -0.187  -0.849  -0.092
  -0.772  -0.036  -0.790  0.001  -0.753  0.052  -0.706  0.087
  -0.741  0.106  -0.805  0.130  -0.817  0.176  -0.721  0.248
  -0.648  0.314  -0.684  0.359  -0.728  0.405  -0.753  0.455
  -0.697  0.513  -0.623  0.571  -0.592  0.635  -0.533  0.709
  -0.459  0.765  -0.382  0.790  -0.258  0.788  -0.082  0.783
  0.071  0.779  0.284  0.756  0.441  0.725  0.529  0.691
  0.614  0.653  0.706  0.608  0.780  0.580  0.813  0.567
  0.855  0.553  0.933  0.529  1.034  0.499  1.123  0.471
  1.194  0.446  1.228  0.429  1.126  0.473
  -0.601  -0.427  -0.692  -0.425  -0.788  -0.411  -0.888  -0.406
  -0.965  -0.419  -1.043  -0.438  -1.096  -0.411  -1.105  -0.385
  -1.074  -0.378  -1.008  -0.338  -0.983  -0.306  -0.979  -0.289
  -0.959  -0.246  -0.921  -0.175  -0.852  -0.102  -0.768  -0.022
  -0.739  0.032  -0.725  0.064  -0.659  0.111  -0.588  0.151
  -0.630  0.165  -0.725  0.179  -0.729  0.222  -0.660  0.283
  -0.580  0.345  -0.600  0.390  -0.672  0.427  -0.726  0.471
  -0.739  0.519  -0.651  0.573  -0.593  0.620  -0.511  0.674
  -0.427  0.738  -0.353  0.788  -0.244  0.795  -0.049  0.789
  0.123  0.779  0.258  0.770  0.369  0.745  0.471  0.707
  0.560  0.676  0.639  0.641  0.716  0.615  0.767  0.601
  0.808  0.589  0.855  0.574  0.959  0.544  1.067  0.514
  1.150  0.487  1.217  0.462  1.091  0.511
  -0.575  -0.355  -0.638  -0.308  -0.711  -0.279  -0.786  -0.293
  -0.872  -0.321  -0.957  -0.331  -0.955  -0.316  -0.952  -0.304
  -0.956  -0.295  -0.948  -0.278  -0.949  -0.263  -0.873  -0.218
  -0.793  -0.147  -0.760  -0.062  -0.688  0.015  -0.630  0.058
  -0.630  0.089  -0.618  0.128  -0.586  0.163  -0.580  0.180
  -0.617  0.191  -0.636  0.224  -0.609  0.272  -0.545  0.327
  -0.514  0.375  -0.541  0.415  -0.573  0.455  -0.625  0.495
  -0.664  0.535  -0.648  0.580  -0.614  0.620  -0.495  0.660
  -0.375  0.702  -0.279  0.740  -0.190  0.765  -0.048  0.774
  0.073  0.776  0.185  0.781  0.299  0.760  0.403  0.728
  0.495  0.703  0.577  0.675  0.658  0.649  0.725  0.629
  0.762  0.620  0.799  0.609  0.888  0.586  1.005  0.554
  1.106  0.524  1.181  0.498  1.048  0.547
  -0.628  -0.298  -0.689  -0.237  -0.712  -0.216  -0.716  -0.236
  -0.752  -0.247  -0.792  -0.244  -0.823  -0.244  -0.845  -0.240
  -0.819  -0.217  -0.810  -0.202  -0.816  -0.190  -0.772  -0.142
  -0.707  -0.065  -0.663  -0.000  -0.617  0.054  -0.547  0.108
  -0.483  0.166  -0.479  0.203  -0.500  0.205  -0.530  0.208
  -0.563  0.227  -0.573  0.261  -0.561  0.303  -0.534  0.348
  -0.517  0.393  -0.516  0.436  -0.539  0.476  -0.581  0.514
  -0.580  0.555  -0.578  0.595  -0.546  0.631  -0.440  0.666
  -0.340  0.693  -0.256  0.715  -0.171  0.731  -0.077  0.740
  0.014  0.759  0.119  0.776  0.230  0.765  0.331  0.743
  0.426  0.724  0.515  0.702  0.602  0.679  0.677  0.657
  0.725  0.645  0.763  0.637  0.826  0.621  0.944  0.590
  1.059  0.558  1.133  0.535  0.995  0.582
  -0.682  -0.257  -0.707  -0.222  -0.712  -0.208  -0.709  -0.207
  -0.715  -0.202  -0.723  -0.194  -0.737  -0.187  -0.741  -0.176
  -0.736  -0.164  -0.738  -0.154  -0.730  -0.136  -0.690  -0.082
  -0.631  -0.002  -0.589  0.057  -0.547  0.114  -0.494  0.174
  -0.458  0.208  -0.441  0.232  -0.464  0.235  -0.515  0.234
  -0.530  0.260  -0.529  0.298  -0.531  0.336  -0.532  0.375
  -0.532  0.415  -0.533  0.456  -0.547  0.496  -0.569  0.534
  -0.574  0.572  -0.573  0.609  -0.526  0.644  -0.418  0.677
  -0.331  0.704  -0.264  0.725  -0.195  0.734  -0.122  0.737
  -0.037  0.754  0.057  0.771  0.161  0.771  0.274  0.760
  0.371  0.743  0.462  0.725  0.551  0.706  0.636  0.685
  0.704  0.669  0.741  0.662  0.790  0.651  0.906  0.622
  1.027  0.590  1.101  0.569  0.961  0.615
0.508436  5.089494  51  0.508436  5.089494  51
0.996201  -0.002624  0.010542  0.996959  2.399 1.123
  0.773  0.326  0.773  0.343  0.768  0.357  0.761  0.368
  0.745  0.376  0.713  0.377  0.676  0.382  0.627  0.386
  0.578  0.385  0.510  0.380  0.444  0.373  0.393  0.366
  0.336  0.356  0.275  0.344  0.209  0.333  0.113  0.328
  0.011  0.327  -0.082  0.331  -0.220  0.372  -0.310  0.381
  -0.288  0.310  -0.300  0.266  -0.306  0.223  -0.292  0.164
  -0.338  0.132  -0.445  0.107  -0.530  0.077  -0.560  0.051
  -0.664  0.015  -0.738  -0.014  -0.749  -0.032  -0.761  -0.046
  -0.783  -0.066  -0.778  -0.072  -0.784  -0.084  -0.822  -0.116
  -0.840  -0.136  -0.839  -0.146  -0.854  -0.166  -0.881  -0.195
  -0.870  -0.200  -0.833  -0.190  -0.830  -0.203  -0.847  -0.229
  -0.837  -0.248  -0.807  -0.264  -0.799  -0.283  -0.802  -0.302
  -0.706  -0.359  -0.518  -0.446  -0.525  -0.430
  0.787  0.332  0.787  0.350  0.786  0.365  0.781  0.377
  0.770  0.387  0.740  0.389  0.701  0.394  0.647  0.396
  0.594  0.394  0.530  0.387  0.464  0.379  0.404  0.371
  0.336  0.358  0.270  0.344  0.210  0.334  0.129  0.327
  0.034  0.323  -0.069  0.322  -0.225  0.370  -0.334  0.385
  -0.328  0.327  -0.312  0.263  -0.292  0.203  -0.301  0.161
  -0.341  0.131  -0.442  0.103  -0.536  0.072  -0.573  0.045
  -0.671  0.010  -0.751  -0.022  -0.746  -0.032  -0.758  -0.046
  -0.787  -0.070  -0.782  -0.076  -0.784  -0.086  -0.819  -0.116
  -0.823  -0.128  -0.830  -0.143  -0.857  -0.171  -0.868  -0.190
  -0.852  -0.193  -0.829  -0.192  -0.830  -0.208  -0.841  -0.231
  -0.818  -0.249  -0.795  -0.265  -0.799  -0.286  -0.770  -0.317
  -0.640  -0.384  -0.512  -0.467  -0.501  -0.452
  0.819  0.347  0.820  0.366  0.819  0.379  0.807  0.388
  0.800  0.399  0.778  0.404  0.743  0.407  0.682  0.408
  0.623  0.408  0.571  0.402  0.513  0.394  0.452  0.384
  0.386  0.371  0.314  0.356  0.245  0.342  0.174  0.331
  0.086  0.324  -0.011  0.318  -0.128  0.337  -0.281  0.378
  -0.349  0.368  -0.315  0.287  -0.279  0.215  -0.298  0.176
  -0.326  0.138  -0.384  0.104  -0.504  0.078  -0.577  0.046
  -0.646  0.014  -0.728  -0.016  -0.733  -0.029  -0.746  -0.046
  -0.767  -0.066  -0.767  -0.074  -0.775  -0.088  -0.805  -0.115
  -0.799  -0.122  -0.802  -0.134  -0.837  -0.168  -0.835  -0.178
  -0.806  -0.174  -0.804  -0.187  -0.818  -0.212  -0.813  -0.231
  -0.790  -0.249  -0.780  -0.268  -0.783  -0.288  -0.705  -0.340
  -0.551  -0.413  -0.503  -0.492  -0.490  -0.474
  0.844  0.347  0.846  0.367  0.842  0.379  0.830  0.388
  0.820  0.397  0.805  0.405  0.774  0.408  0.727  0.412
  0.668  0.415  0.613  0.412  0.547  0.404  0.482  0.394
  0.425  0.382  0.364  0.368  0.299  0.354  0.229  0.340
  0.145  0.329  0.045  0.321  -0.057  0.316  -0.209  0.353
  -0.321  0.372  -0.291  0.298  -0.279  0.235  -0.289  0.193
  -0.301  0.144  -0.352  0.114  -0.451  0.085  -0.549  0.052
  -0.598  0.023  -0.679  -0.004  -0.733  -0.028  -0.732  -0.045
  -0.740  -0.057  -0.744  -0.067  -0.773  -0.093  -0.786  -0.111
  -0.780  -0.118  -0.790  -0.135  -0.819  -0.166  -0.813  -0.175
  -0.778  -0.166  -0.778  -0.182  -0.801  -0.212  -0.781  -0.231
  -0.760  -0.249  -0.769  -0.271  -0.743  -0.302  -0.641  -0.361
  -0.525  -0.437  -0.505  -0.517  -0.500  -0.495
  0.858  0.340  0.861  0.360  0.855  0.372  0.845  0.382
  0.835  0.391  0.821  0.400  0.799  0.406  0.766  0.411
  0.713  0.417  0.652  0.417  0.597  0.413  0.532  0.405
  0.467  0.394  0.396  0.379  0.326  0.363  0.262  0.349
  0.184  0.336  0.099  0.324  0.007  0.313  -0.116  0.327
  -0.262  0.362  -0.314  0.342  -0.281  0.259  -0.269  0.200
  -0.298  0.163  -0.337  0.123  -0.396  0.085  -0.507  0.060
  -0.583  0.027  -0.633  0.001  -0.702  -0.023  -0.717  -0.041
  -0.713  -0.049  -0.726  -0.065  -0.755  -0.091  -0.754  -0.101
  -0.753  -0.110  -0.779  -0.139  -0.793  -0.160  -0.783  -0.166
  -0.764  -0.168  -0.770  -0.187  -0.787  -0.214  -0.764  -0.233
  -0.739  -0.250  -0.752  -0.274  -0.702  -0.316  -0.570  -0.383
  -0.489  -0.461  -0.497  -0.533  -0.490  -0.513
  0.865  0.328  0.869  0.350  0.864  0.363  0.856  0.373
  0.844  0.383  0.833  0.393  0.817  0.402  0.794  0.408
  0.752  0.415  0.692  0.419  0.638  0.418  0.574  0.413
  0.509  0.403  0.450  0.393  0.377  0.377  0.304  0.360
  0.227  0.345  0.132  0.333  0.034  0.323  -0.058  0.319
  -0.188  0.343  -0.287  0.354  -0.279  0.285  -0.270  0.223
  -0.292  0.180  -0.313  0.126  -0.367  0.093  -0.463  0.064
  -0.561  0.030  -0.582  0.010  -0.663  -0.017  -0.705  -0.034
  -0.688  -0.044  -0.718  -0.069  -0.733  -0.087  -0.731  -0.095
  -0.735  -0.108  -0.760  -0.136  -0.762  -0.149  -0.740  -0.149
  -0.742  -0.165  -0.762  -0.193  -0.762  -0.215  -0.741  -0.234
  -0.732  -0.254  -0.738  -0.277  -0.662  -0.327  -0.519  -0.414
  -0.476  -0.491  -0.484  -0.541  -0.482  -0.523
  0.869  0.316  0.874  0.339  0.872  0.352  0.863  0.364
  0.854  0.375  0.845  0.386  0.833  0.396  0.814  0.404
  0.776  0.411  0.726  0.418  0.677  0.419  0.621  0.417
  0.555  0.411  0.494  0.402  0.424  0.389  0.350  0.372
  0.283  0.357  0.194  0.341  0.097  0.330  -0.004  0.322
  -0.143  0.347  -0.259  0.366  -0.271  0.309  -0.270  0.247
  -0.270  0.185  -0.309  0.142  -0.348  0.102  -0.428  0.059
  -0.533  0.033  -0.547  0.017  -0.609  -0.010  -0.672  -0.031
  -0.671  -0.041  -0.699  -0.067  -0.703  -0.078  -0.705  -0.088
  -0.730  -0.114  -0.739  -0.132  -0.729  -0.139  -0.713  -0.142
  -0.724  -0.164  -0.745  -0.194  -0.732  -0.215  -0.710  -0.234
  -0.723  -0.259  -0.700  -0.289  -0.581  -0.351  -0.475  -0.435
  -0.490  -0.504  -0.472  -0.539  -0.475  -0.520
  0.874  0.304  0.880  0.328  0.876  0.341  0.870  0.354
  0.863  0.366  0.854  0.378  0.844  0.389  0.828  0.399
  0.800  0.407  0.751  0.414  0.692  0.419  0.648  0.418
  0.596  0.415  0.541  0.410  0.476  0.400  0.400  0.384
  0.326  0.367  0.248  0.351  0.157  0.338  0.059  0.327
  -0.051  0.330  -0.189  0.355  -0.274  0.345  -0.267  0.272
  -0.269  0.204  -0.296  0.160  -0.314  0.107  -0.381  0.069
  -0.477  0.046  -0.538  0.022  -0.554  0.000  -0.621  -0.022
  -0.668  -0.041  -0.678  -0.066  -0.685  -0.077  -0.680  -0.082
  -0.712  -0.113  -0.710  -0.124  -0.686  -0.122  -0.691  -0.139
  -0.717  -0.171  -0.721  -0.195  -0.703  -0.216  -0.695  -0.237
  -0.709  -0.266  -0.652  -0.317  -0.491  -0.383  -0.446  -0.451
  -0.483  -0.517  -0.455  -0.535  -0.460  -0.518
  0.870  0.288  0.878  0.314  0.877  0.329  0.874  0.342
  0.867  0.355  0.859  0.368  0.848  0.380  0.834  0.390
  0.816  0.400  0.779  0.408  0.724  0.416  0.676  0.418
  0.621  0.417  0.562  0.413  0.510  0.406  0.446  0.394
  0.380  0.379  0.306  0.363  0.220  0.349  0.124  0.336
  0.024  0.323  -0.109  0.338  -0.232  0.353  -0.250  0.296
  -0.263  0.229  -0.263  0.166  -0.290  0.116  -0.337  0.081
  -0.417  0.055  -0.499  0.030  -0.511  0.014  -0.561  -0.006
  -0.648  -0.042  -0.649  -0.061  -0.657  -0.072  -0.667  -0.085
  -0.695  -0.113  -0.691  -0.122  -0.659  -0.115  -0.666  -0.135
  -0.699  -0.172  -0.696  -0.199  -0.679  -0.223  -0.695  -0.249
  -0.698  -0.298  -0.623  -0.370  -0.500  -0.441  -0.479  -0.508
  -0.498  -0.558  -0.476  -0.575  -0.487  -0.560
  0.863  0.272  0.872  0.299  0.873  0.315  0.871  0.329
  0.866  0.343  0.858  0.356  0.849  0.368  0.836  0.380
  0.821  0.390  0.798  0.400  0.754  0.410  0.700  0.417
  0.655  0.417  0.600  0.415  0.543  0.410  0.477  0.400
  0.408  0.387  0.343  0.374  0.269  0.361  0.186  0.346
  0.096  0.330  -0.016  0.328  -0.149  0.346  -0.237  0.332
  -0.246  0.255  -0.233  0.178  -0.268  0.132  -0.312  0.095
  -0.350  0.063  -0.440  0.043  -0.487  0.026  -0.509  0.010
  -0.600  -0.029  -0.613  -0.047  -0.612  -0.058  -0.651  -0.088
  -0.669  -0.108  -0.662  -0.115  -0.643  -0.117  -0.660  -0.144
  -0.697  -0.185  -0.706  -0.224  -0.706  -0.265  -0.733  -0.299
  -0.725  -0.367  -0.615  -0.454  -0.537  -0.530  -0.558  -0.599
  -0.534  -0.613  -0.500  -0.623  -0.516  -0.607
  0.854  0.255  0.865  0.283  0.866  0.299  0.864  0.314
  0.859  0.328  0.853  0.341  0.845  0.354  0.834  0.367
  0.820  0.378  0.804  0.389  0.773  0.400  0.723  0.410
  0.680  0.415  0.630  0.415  0.574  0.412  0.519  0.405
  0.453  0.395  0.386  0.383  0.316  0.371  0.233  0.360
  0.141  0.348  0.052  0.334  -0.065  0.339  -0.176  0.340
  -0.198  0.270  -0.207  0.198  -0.249  0.152  -0.272  0.101
  -0.309  0.076  -0.363  0.062  -0.430  0.044  -0.469  0.017
  -0.536  -0.014  -0.591  -0.037  -0.579  -0.050  -0.620  -0.083
  -0.634  -0.099  -0.619  -0.100  -0.624  -0.118  -0.679  -0.171
  -0.734  -0.232  -0.748  -0.279  -0.783  -0.338  -0.833  -0.398
  -0.789  -0.464  -0.626  -0.552  -0.581  -0.621  -0.614  -0.672
  -0.582  -0.684  -0.554  -0.706  -0.577  -0.690
  0.840  0.235  0.852  0.265  0.854  0.281  0.853  0.296
  0.850  0.311  0.845  0.325  0.838  0.339  0.828  0.352
  0.815  0.364  0.802  0.376  0.781  0.387  0.743  0.399
  0.694  0.409  0.655  0.412  0.605  0.412  0.552  0.408
  0.493  0.401  0.427  0.391  0.369  0.381  0.297  0.372
  0.212  0.361  0.122  0.346  0.003  0.350  -0.124  0.357
  -0.160  0.295  -0.185  0.229  -0.201  0.165  -0.236  0.125
  -0.268  0.098  -0.290  0.073  -0.358  0.065  -0.440  0.028
  -0.465  0.007  -0.528  -0.015  -0.565  -0.049  -0.583  -0.074
  -0.595  -0.089  -0.597  -0.101  -0.635  -0.140  -0.722  -0.218
  -0.803  -0.307  -0.817  -0.363  -0.884  -0.436  -0.912  -0.514
  -0.813  -0.602  -0.656  -0.682  -0.659  -0.718  -0.674  -0.758
  -0.639  -0.774  -0.584  -0.769  -0.617  -0.756
  0.824  0.215  0.837  0.245  0.840  0.262  0.840  0.277
  0.837  0.293  0.833  0.307  0.828  0.322  0.819  0.336
  0.807  0.348  0.794  0.361  0.778  0.372  0.751  0.385
  0.707  0.398  0.670  0.405  0.628  0.409  0.579  0.410
  0.534  0.407  0.477  0.400  0.418  0.392  0.356  0.384
  0.281  0.374  0.194  0.359  0.098  0.348  -0.031  0.352
  -0.129  0.331  -0.155  0.258  -0.168  0.189  -0.208  0.149
  -0.209  0.113  -0.225  0.097  -0.302  0.079  -0.389  0.045
  -0.397  0.029  -0.456  0.004  -0.547  -0.042  -0.555  -0.069
  -0.575  -0.091  -0.627  -0.137  -0.717  -0.214  -0.791  -0.292
  -0.874  -0.393  -0.950  -0.484  -1.043  -0.562  -1.018  -0.636
  -0.750  -0.753  -0.687  -0.822  -0.761  -0.853  -0.694  -0.837
  -0.665  -0.856  -0.627  -0.858  -0.671  -0.844
  0.807  0.189  0.822  0.222  0.820  0.243  0.809  0.265
  0.820  0.273  0.819  0.288  0.814  0.303  0.807  0.317
  0.798  0.331  0.783  0.343  0.767  0.355  0.746  0.369
  0.713  0.385  0.682  0.395  0.648  0.403  0.607  0.408
  0.567  0.410  0.521  0.409  0.467  0.403  0.419  0.398
  0.354  0.389  0.275  0.377  0.188  0.357  0.070  0.348
  -0.065  0.347  -0.110  0.285  -0.137  0.224  -0.146  0.168
  -0.150  0.138  -0.165  0.126  -0.242  0.098  -0.323  0.071
  -0.340  0.052  -0.412  0.011  -0.524  -0.043  -0.569  -0.094
  -0.616  -0.138  -0.702  -0.211  -0.826  -0.302  -0.937  -0.369
  -1.019  -0.455  -1.126  -0.569  -1.206  -0.634  -1.140  -0.698
  -0.857  -0.816  -0.868  -0.857  -0.854  -0.922  -0.742  -0.921
  -0.677  -0.946  -0.630  -0.930  -0.705  -0.909
  0.799  0.154  0.817  0.189  0.810  0.214  0.788  0.244
  0.799  0.253  0.788  0.274  0.796  0.282  0.792  0.297
  0.785  0.312  0.770  0.324  0.757  0.337  0.742  0.352
  0.716  0.369  0.681  0.387  0.658  0.396  0.629  0.404
  0.598  0.410  0.560  0.413  0.515  0.413  0.471  0.410
  0.421  0.404  0.359  0.396  0.278  0.380  0.184  0.364
  0.048  0.357  -0.057  0.333  -0.085  0.265  -0.077  0.200
  -0.087  0.175  -0.110  0.158  -0.163  0.115  -0.245  0.095
  -0.301  0.071  -0.373  0.018  -0.544  -0.064  -0.687  -0.137
  -0.720  -0.205  -0.825  -0.293  -0.943  -0.368  -1.105  -0.427
  -1.211  -0.493  -1.305  -0.580  -1.324  -0.653  -1.230  -0.718
  -1.070  -0.844  -1.051  -0.874  -0.948  -0.935  -0.900  -0.973
  -0.724  -0.996  -0.611  -1.017  -0.728  -0.975
  0.787  0.118  0.806  0.155  0.806  0.177  0.794  0.202
  0.789  0.222  0.767  0.251  0.775  0.261  0.762  0.282
  0.767  0.291  0.757  0.304  0.745  0.318  0.734  0.333
  0.718  0.351  0.690  0.373  0.667  0.387  0.642  0.399
  0.611  0.409  0.586  0.415  0.555  0.418  0.519  0.419
  0.478  0.417  0.428  0.413  0.363  0.405  0.280  0.388
  0.161  0.381  0.027  0.370  -0.006  0.301  -0.010  0.243
  -0.026  0.220  -0.044  0.173  -0.101  0.144  -0.165  0.119
  -0.270  0.083  -0.421  0.007  -0.620  -0.100  -0.875  -0.159
  -0.869  -0.245  -0.949  -0.315  -1.052  -0.393  -1.156  -0.469
  -1.267  -0.543  -1.388  -0.615  -1.393  -0.685  -1.313  -0.744
  -1.168  -0.843  -1.079  -0.886  -1.071  -0.931  -0.978  -0.978
  -0.820  -1.013  -0.663  -1.066  -0.794  -1.008
  0.758  0.088  0.778  0.126  0.783  0.146  0.784  0.165
  0.781  0.185  0.769  0.209  0.763  0.229  0.740  0.258
  0.749  0.267  0.741  0.284  0.719  0.303  0.719  0.314
  0.712  0.331  0.696  0.353  0.672  0.377  0.655  0.390
  0.633  0.403  0.610  0.414  0.583  0.422  0.548  0.427
  0.517  0.429  0.476  0.432  0.427  0.428  0.350  0.429
  0.213  0.446  0.123  0.401  0.069  0.351  0.040  0.308
  0.045  0.263  0.022  0.202  -0.055  0.178  -0.094  0.132
  -0.286  0.080  -0.587  -0.010  -0.688  -0.117  -0.894  -0.154
  -0.968  -0.259  -1.044  -0.328  -1.154  -0.420  -1.231  -0.493
  -1.309  -0.567  -1.376  -0.633  -1.395  -0.686  -1.334  -0.736
  -1.216  -0.800  -1.156  -0.851  -1.091  -0.906  -0.974  -0.962
  -0.865  -1.007  -0.730  -1.046  -0.854  -0.986
  0.722  0.060  0.744  0.098  0.750  0.117  0.753  0.135
  0.754  0.153  0.754  0.173  0.751  0.193  0.739  0.216
  0.739  0.233  0.729  0.254  0.702  0.280  0.710  0.292
  0.721  0.312  0.700  0.332  0.681  0.359  0.667  0.378
  0.651  0.401  0.627  0.433  0.607  0.438  0.564  0.460
  0.544  0.458  0.493  0.475  0.447  0.464  0.391  0.471
  0.289  0.483  0.196  0.458  0.137  0.421  0.077  0.384
  0.036  0.337  -0.002  0.275  -0.052  0.206  -0.110  0.130
  -0.309  0.074  -0.658  -0.030  -0.712  -0.101  -0.903  -0.156
  -0.987  -0.250  -1.080  -0.334  -1.207  -0.433  -1.279  -0.492
  -1.345  -0.548  -1.377  -0.597  -1.391  -0.646  -1.351  -0.700
  -1.236  -0.761  -1.174  -0.813  -1.055  -0.871  -0.952  -0.925
  -0.847  -0.975  -0.730  -1.022  -0.860  -0.956
  0.684  0.030  0.723  0.062  0.713  0.087  0.716  0.105
  0.718  0.124  0.724  0.139  0.749  0.142  0.781  0.146
  0.740  0.190  0.730  0.215  0.713  0.244  0.694  0.281
  0.715  0.289  0.710  0.315  0.686  0.363  0.692  0.373
  0.686  0.395  0.665  0.432  0.632  0.471  0.610  0.489
  0.577  0.509  0.541  0.525  0.479  0.530  0.414  0.534
  0.368  0.533  0.306  0.505  0.231  0.477  0.145  0.436
  0.034  0.382  -0.048  0.329  -0.121  0.257  -0.223  0.145
  -0.331  0.077  -0.631  -0.017  -0.717  -0.098  -0.913  -0.183
  -0.994  -0.255  -1.080  -0.328  -1.178  -0.401  -1.253  -0.457
  -1.315  -0.508  -1.344  -0.555  -1.368  -0.604  -1.346  -0.657
  -1.226  -0.716  -1.129  -0.773  -1.018  -0.829  -0.914  -0.883
  -0.791  -0.939  -0.632  -0.992  -0.784  -0.922
  0.626  0.004  0.663  0.036  0.670  0.054  0.707  0.055
  0.747  0.035  0.703  0.094  0.720  0.096  0.741  0.116
  0.716  0.162  0.727  0.172  0.714  0.206  0.708  0.237
  0.696  0.276  0.710  0.292  0.702  0.335  0.697  0.376
  0.691  0.405  0.691  0.430  0.672  0.467  0.646  0.496
  0.636  0.517  0.617  0.535  0.584  0.545  0.530  0.554
  0.472  0.559  0.431  0.536  0.354  0.507  0.223  0.455
  0.080  0.386  -0.021  0.328  -0.132  0.260  -0.247  0.173
  -0.366  0.086  -0.564  -0.010  -0.724  -0.112  -0.856  -0.194
  -0.963  -0.254  -1.030  -0.308  -1.102  -0.364  -1.164  -0.417
  -1.220  -0.468  -1.266  -0.517  -1.298  -0.566  -1.277  -0.618
  -1.180  -0.674  -1.085  -0.730  -0.980  -0.787  -0.843  -0.844
  -0.669  -0.905  -0.557  -0.950  -0.710  -0.880
  0.567  -0.027  0.597  -0.004  0.627  -0.029  0.699  0.000
  0.717  -0.016  0.685  0.038  0.669  0.063  0.667  0.101
  0.675  0.110  0.659  0.159  0.667  0.178  0.663  0.209
  0.661  0.244  0.667  0.272  0.670  0.306  0.676  0.351
  0.677  0.387  0.680  0.420  0.676  0.455  0.668  0.483
  0.662  0.512  0.653  0.533  0.635  0.554  0.601  0.565
  0.580  0.571  0.530  0.556  0.437  0.522  0.315  0.464
  0.182  0.397  0.042  0.325  -0.079  0.253  -0.210  0.175
  -0.340  0.093  -0.500  -0.011  -0.665  -0.118  -0.747  -0.168
  -0.864  -0.230  -0.922  -0.277  -0.982  -0.331  -1.044  -0.385
  -1.098  -0.435  -1.144  -0.485  -1.173  -0.533  -1.169  -0.582
  -1.124  -0.634  -1.032  -0.689  -0.904  -0.748  -0.716  -0.810
  -0.585  -0.863  -0.424  -0.917  -0.594  -0.843
  0.511  -0.072  0.542  -0.090  0.615  -0.096  0.643  -0.061
  0.633  -0.055  0.611  -0.005  0.596  0.044  0.591  0.063
  0.609  0.074  0.613  0.080  0.614  0.132  0.619  0.169
  0.625  0.200  0.632  0.231  0.640  0.265  0.651  0.306
  0.662  0.358  0.671  0.389  0.677  0.427  0.684  0.464
  0.689  0.497  0.688  0.529  0.680  0.552  0.639  0.568
  0.624  0.573  0.578  0.559  0.503  0.525  0.398  0.470
  0.273  0.404  0.143  0.330  0.010  0.251  -0.135  0.167
  -0.259  0.088  -0.404  -0.003  -0.573  -0.110  -0.618  -0.135
  -0.713  -0.192  -0.784  -0.246  -0.843  -0.300  -0.902  -0.353
  -0.954  -0.404  -0.998  -0.453  -1.025  -0.501  -1.038  -0.550
  -1.021  -0.598  -0.952  -0.651  -0.781  -0.712  -0.641  -0.770
  -0.465  -0.827  -0.341  -0.882  -0.496  -0.806
  0.470  -0.128  0.539  -0.163  0.566  -0.160  0.550  -0.119
  0.538  -0.072  0.525  -0.057  0.523  -0.041  0.535  -0.000
  0.543  0.003  0.557  0.037  0.564  0.071  0.572  0.103
  0.583  0.123  0.594  0.170  0.609  0.209  0.623  0.249
  0.641  0.303  0.657  0.346  0.668  0.397  0.686  0.434
  0.701  0.472  0.711  0.509  0.719  0.540  0.704  0.562
  0.670  0.571  0.615  0.559  0.556  0.526  0.458  0.472
  0.334  0.396  0.219  0.323  0.082  0.241  -0.045  0.160
  -0.169  0.084  -0.294  0.012  -0.414  -0.058  -0.483  -0.104
  -0.559  -0.159  -0.627  -0.215  -0.690  -0.269  -0.745  -0.322
  -0.796  -0.373  -0.838  -0.423  -0.865  -0.471  -0.885  -0.518
  -0.884  -0.566  -0.810  -0.617  -0.628  -0.679  -0.552  -0.731
  -0.288  -0.796  -0.259  -0.843  -0.393  -0.769
  0.428  -0.194  0.494  -0.221  0.480  -0.204  0.464  -0.141
  0.445  -0.128  0.439  -0.138  0.456  -0.119  0.473  -0.075
  0.476  -0.075  0.493  -0.021  0.493  -0.011  0.514  0.042
  0.525  0.074  0.540  0.115  0.555  0.153  0.573  0.195
  0.597  0.250  0.618  0.295  0.637  0.347  0.660  0.397
  0.682  0.441  0.703  0.484  0.721  0.522  0.725  0.552
  0.708  0.569  0.676  0.563  0.617  0.530  0.511  0.467
  0.404  0.387  0.283  0.309  0.130  0.224  0.034  0.155
  -0.069  0.096  -0.166  0.038  -0.254  -0.018  -0.339  -0.073
  -0.400  -0.128  -0.463  -0.182  -0.525  -0.236  -0.577  -0.289
  -0.626  -0.339  -0.667  -0.389  -0.695  -0.437  -0.712  -0.487
  -0.723  -0.535  -0.643  -0.584  -0.460  -0.647  -0.401  -0.696
  -0.139  -0.760  -0.054  -0.807  -0.202  -0.735
  0.381  -0.258  0.404  -0.271  0.373  -0.237  0.368  -0.200
  0.363  -0.194  0.368  -0.208  0.378  -0.193  0.400  -0.141
  0.398  -0.141  0.421  -0.088  0.417  -0.083  0.440  -0.027
  0.444  -0.009  0.471  0.052  0.491  0.098  0.510  0.140
  0.535  0.190  0.565  0.249  0.592  0.298  0.623  0.357
  0.649  0.391  0.682  0.454  0.704  0.494  0.721  0.535
  0.722  0.561  0.696  0.564  0.648  0.531  0.549  0.458
  0.452  0.375  0.344  0.298  0.227  0.225  0.125  0.168
  0.041  0.116  -0.037  0.065  -0.102  0.014  -0.184  -0.042
  -0.210  -0.120  -0.276  -0.156  -0.334  -0.211  -0.381  -0.266
  -0.426  -0.316  -0.470  -0.363  -0.543  -0.389  -0.532  -0.455
  -0.546  -0.503  -0.474  -0.552  -0.279  -0.615  -0.157  -0.669
  0.032  -0.725  0.101  -0.767  -0.026  -0.700
  0.327  -0.317  0.320  -0.319  0.292  -0.289  0.282  -0.271
  0.276  -0.274  0.288  -0.285  0.296  -0.264  0.320  -0.206
  0.305  -0.222  0.318  -0.185  0.344  -0.130  0.338  -0.123
  0.373  -0.059  0.394  -0.012  0.413  0.031  0.416  0.047
  0.459  0.119  0.507  0.203  0.527  0.237  0.562  0.296
  0.598  0.347  0.637  0.406  0.670  0.459  0.700  0.510
  0.723  0.549  0.715  0.570  0.674  0.538  0.569  0.451
  0.449  0.334  0.395  0.294  0.326  0.243  0.257  0.190
  0.186  0.138  0.112  0.086  0.056  0.036  -0.008  -0.019
  0.013  -0.121  -0.066  -0.143  -0.114  -0.197  -0.162  -0.251
  -0.207  -0.303  -0.253  -0.348  -0.386  -0.340  -0.346  -0.423
  -0.358  -0.472  -0.271  -0.521  -0.072  -0.584  0.102  -0.641
  0.168  -0.689  0.270  -0.730  0.159  -0.668
  0.259  -0.361  0.226  -0.360  0.197  -0.365  0.198  -0.343
  0.201  -0.356  0.200  -0.361  0.203  -0.341  0.235  -0.284
  0.206  -0.299  0.211  -0.270  0.250  -0.201  0.232  -0.213
  0.231  -0.209  0.297  -0.095  0.323  -0.045  0.343  -0.003
  0.373  0.049  0.411  0.113  0.447  0.170  0.486  0.228
  0.528  0.285  0.569  0.345  0.610  0.403  0.655  0.462
  0.699  0.522  0.721  0.572  0.703  0.553  0.596  0.451
  0.471  0.289  0.452  0.285  0.408  0.244  0.363  0.195
  0.317  0.145  0.272  0.096  0.225  0.044  0.184  -0.008
  0.163  -0.072  0.130  -0.123  0.091  -0.176  0.045  -0.228
  -0.011  -0.277  -0.097  -0.299  -0.166  -0.325  -0.153  -0.392
  -0.118  -0.442  0.012  -0.496  0.146  -0.554  0.307  -0.607
  0.374  -0.650  0.443  -0.689  0.366  -0.635
  0.183  -0.412  0.129  -0.430  0.119  -0.415  0.108  -0.429
  0.122  -0.430  0.139  -0.392  0.111  -0.408  0.114  -0.390
  0.102  -0.378  0.091  -0.370  0.091  -0.364  0.153  -0.264
  0.155  -0.261  0.197  -0.179  0.227  -0.132  0.253  -0.074
  0.285  -0.019  0.318  0.035  0.356  0.093  0.398  0.152
  0.439  0.211  0.482  0.276  0.530  0.334  0.574  0.394
  0.635  0.470  0.646  0.500  0.709  0.542  0.645  0.449
  0.556  0.334  0.517  0.285  0.487  0.241  0.457  0.196
  0.426  0.149  0.396  0.101  0.371  0.053  0.350  0.005
  0.327  -0.045  0.303  -0.096  0.271  -0.149  0.236  -0.200
  0.178  -0.246  0.036  -0.234  0.071  -0.313  0.070  -0.363
  0.186  -0.416  0.281  -0.471  0.389  -0.523  0.469  -0.568
  0.575  -0.608  0.595  -0.648  0.543  -0.600
  0.109  -0.461  0.064  -0.466  0.048  -0.461  0.030  -0.493
  0.034  -0.499  0.036  -0.481  0.023  -0.484  0.002  -0.472
  -0.016  -0.471  -0.036  -0.488  0.030  -0.383  0.049  -0.356
  0.085  -0.293  0.113  -0.232  0.144  -0.179  0.174  -0.125
  0.206  -0.071  0.241  -0.015  0.279  0.043  0.319  0.101
  0.362  0.161  0.400  0.219  0.451  0.282  0.458  0.323
  0.545  0.408  0.587  0.460  0.654  0.497  0.661  0.445
  0.619  0.374  0.583  0.310  0.556  0.258  0.536  0.213
  0.516  0.168  0.501  0.123  0.480  0.073  0.469  0.023
  0.459  -0.027  0.454  -0.077  0.443  -0.127  0.427  -0.173
  0.367  -0.221  0.223  -0.200  0.317  -0.287  0.340  -0.336
  0.472  -0.392  0.522  -0.440  0.629  -0.486  0.654  -0.525
  0.719  -0.566  0.769  -0.600  0.728  -0.560
  0.028  -0.515  -0.016  -0.514  -0.042  -0.521  -0.056  -0.563
  -0.067  -0.575  -0.078  -0.574  -0.091  -0.577  -0.114  -0.562
  -0.119  -0.549  -0.103  -0.520  -0.062  -0.455  -0.023  -0.390
  0.003  -0.331  0.032  -0.277  0.063  -0.223  0.095  -0.168
  0.129  -0.112  0.165  -0.056  0.204  0.003  0.238  0.057
  0.281  0.117  0.281  0.154  0.363  0.233  0.400  0.289
  0.455  0.354  0.513  0.420  0.582  0.461  0.638  0.446
  0.634  0.399  0.618  0.341  0.598  0.276  0.586  0.226
  0.575  0.181  0.566  0.135  0.567  0.090  0.576  0.043
  0.588  -0.006  0.604  -0.056  0.620  -0.104  0.620  -0.149
  0.558  -0.196  0.442  -0.178  0.561  -0.261  0.620  -0.316
  0.706  -0.364  0.766  -0.405  0.804  -0.444  0.847  -0.479
  0.871  -0.519  0.918  -0.545  0.896  -0.511
  -0.059  -0.563  -0.109  -0.566  -0.123  -0.582  -0.146  -0.625
  -0.162  -0.641  -0.175  -0.645  -0.198  -0.641  -0.226  -0.645
  -0.239  -0.655  -0.174  -0.563  -0.131  -0.487  -0.103  -0.427
  -0.078  -0.374  -0.049  -0.320  -0.019  -0.267  0.015  -0.211
  0.053  -0.152  0.087  -0.098  0.121  -0.043  0.116  -0.007
  0.191  0.068  0.224  0.123  0.273  0.185  0.324  0.248
  0.378  0.313  0.436  0.379  0.502  0.424  0.577  0.429
  0.611  0.405  0.620  0.361  0.619  0.302  0.616  0.241
  0.615  0.196  0.620  0.152  0.636  0.108  0.658  0.061
  0.693  0.013  0.739  -0.035  0.795  -0.082  0.829  -0.126
  0.721  -0.151  0.707  -0.172  0.800  -0.238  0.844  -0.290
  0.900  -0.332  0.943  -0.371  0.952  -0.403  0.997  -0.431
  1.008  -0.463  1.024  -0.484  1.018  -0.456
  -0.132  -0.600  -0.181  -0.611  -0.202  -0.629  -0.224  -0.672
  -0.241  -0.687  -0.250  -0.690  -0.300  -0.709  -0.351  -0.741
  -0.303  -0.678  -0.256  -0.606  -0.213  -0.530  -0.189  -0.472
  -0.160  -0.418  -0.129  -0.363  -0.099  -0.311  -0.065  -0.254
  -0.035  -0.198  -0.040  -0.165  0.030  -0.092  0.060  -0.038
  0.101  0.020  0.145  0.080  0.193  0.142  0.245  0.205
  0.299  0.271  0.356  0.336  0.421  0.390  0.496  0.408
  0.558  0.401  0.593  0.371  0.615  0.325  0.626  0.263
  0.636  0.211  0.653  0.168  0.684  0.127  0.725  0.082
  0.780  0.035  0.858  -0.012  0.960  -0.059  1.056  -0.106
  0.915  -0.103  0.970  -0.160  1.037  -0.213  1.029  -0.255
  1.061  -0.297  1.082  -0.330  1.096  -0.360  1.117  -0.389
  1.110  -0.416  1.115  -0.418  1.122  -0.393
  -0.192  -0.627  -0.237  -0.642  -0.279  -0.680  -0.343  -0.764
  -0.351  -0.759  -0.372  -0.767  -0.398  -0.780  -0.423  -0.784
  -0.391  -0.743  -0.325  -0.632  -0.296  -0.568  -0.269  -0.515
  -0.240  -0.462  -0.208  -0.406  -0.177  -0.353  -0.144  -0.297
  -0.119  -0.244  -0.129  -0.213  -0.059  -0.140  -0.018  -0.081
  0.022  -0.022  0.068  0.038  0.116  0.100  0.166  0.163
  0.221  0.228  0.279  0.296  0.338  0.355  0.407  0.387
  0.480  0.393  0.543  0.377  0.588  0.344  0.619  0.288
  0.646  0.233  0.674  0.191  0.709  0.148  0.765  0.106
  0.847  0.064  0.951  0.019  1.079  -0.027  1.200  -0.068
  1.164  -0.086  1.189  -0.135  1.211  -0.177  1.199  -0.215
  1.202  -0.255  1.211  -0.283  1.215  -0.314  1.219  -0.343
  1.211  -0.365  1.210  -0.368  1.219  -0.344
  -0.274  -0.675  -0.344  -0.719  -0.361  -0.734  -0.413  -0.804
  -0.444  -0.815  -0.469  -0.827  -0.507  -0.864  -0.533  -0.872
  -0.461  -0.774  -0.408  -0.680  -0.376  -0.611  -0.348  -0.558
  -0.318  -0.504  -0.286  -0.449  -0.254  -0.395  -0.221  -0.340
  -0.188  -0.285  -0.159  -0.232  -0.126  -0.180  -0.100  -0.131
  -0.072  -0.067  -0.010  -0.004  0.037  0.056  0.084  0.119
  0.141  0.186  0.200  0.254  0.258  0.318  0.320  0.366
  0.388  0.385  0.460  0.381  0.523  0.357  0.576  0.311
  0.624  0.255  0.664  0.217  0.709  0.179  0.777  0.141
  0.862  0.102  0.961  0.065  1.111  0.022  1.234  -0.015
  1.335  -0.066  1.354  -0.104  1.336  -0.132  1.324  -0.165
  1.307  -0.204  1.316  -0.237  1.312  -0.264  1.304  -0.286
  1.298  -0.303  1.292  -0.315  1.299  -0.290
  -0.329  -0.695  -0.411  -0.754  -0.459  -0.803  -0.481  -0.845
  -0.528  -0.872  -0.566  -0.881  -0.592  -0.891  -0.584  -0.877
  -0.545  -0.821  -0.499  -0.747  -0.454  -0.657  -0.425  -0.599
  -0.395  -0.546  -0.363  -0.491  -0.330  -0.435  -0.297  -0.381
  -0.262  -0.326  -0.226  -0.270  -0.190  -0.215  -0.155  -0.162
  -0.119  -0.103  -0.076  -0.043  -0.039  0.012  -0.006  0.076
  0.064  0.144  0.124  0.212  0.178  0.280  0.234  0.338
  0.294  0.375  0.362  0.386  0.430  0.373  0.497  0.334
  0.559  0.282  0.607  0.250  0.659  0.219  0.726  0.190
  0.795  0.163  0.900  0.128  1.083  0.081  1.262  0.028
  1.371  -0.018  1.408  -0.053  1.408  -0.080  1.405  -0.110
  1.382  -0.150  1.383  -0.188  1.375  -0.210  1.363  -0.225
  1.353  -0.240  1.347  -0.268  1.353  -0.242
  -0.393  -0.715  -0.446  -0.762  -0.492  -0.785  -0.533  -0.830
  -0.579  -0.881  -0.655  -0.923  -0.704  -0.966  -0.663  -0.931
  -0.631  -0.876  -0.579  -0.791  -0.531  -0.704  -0.502  -0.642
  -0.470  -0.587  -0.441  -0.534  -0.407  -0.478  -0.373  -0.423
  -0.338  -0.367  -0.301  -0.311  -0.265  -0.256  -0.226  -0.199
  -0.184  -0.139  -0.142  -0.082  -0.098  -0.022  -0.051  0.043
  -0.000  0.106  0.049  0.169  0.093  0.242  0.156  0.309
  0.207  0.362  0.262  0.389  0.322  0.383  0.386  0.358
  0.444  0.317  0.492  0.298  0.543  0.280  0.598  0.265
  0.689  0.235  0.826  0.194  1.019  0.143  1.233  0.085
  1.334  0.048  1.393  0.009  1.436  -0.026  1.449  -0.057
  1.443  -0.099  1.428  -0.131  1.413  -0.148  1.401  -0.163
  1.390  -0.177  1.388  -0.214  1.392  -0.188
  -0.459  -0.743  -0.498  -0.786  -0.540  -0.797  -0.592  -0.847
  -0.647  -0.896  -0.702  -0.910  -0.731  -0.937  -0.744  -0.962
  -0.737  -0.965  -0.662  -0.855  -0.609  -0.756  -0.578  -0.686
  -0.547  -0.629  -0.514  -0.573  -0.482  -0.519  -0.448  -0.464
  -0.412  -0.408  -0.377  -0.352  -0.338  -0.295  -0.298  -0.238
  -0.259  -0.179  -0.216  -0.121  -0.168  -0.058  -0.120  0.010
  -0.067  0.072  -0.010  0.142  0.041  0.226  0.085  0.304
  0.128  0.354  0.169  0.380  0.210  0.384  0.265  0.386
  0.295  0.374  0.315  0.380  0.378  0.369  0.468  0.342
  0.584  0.300  0.704  0.267  0.922  0.211  1.180  0.150
  1.277  0.116  1.343  0.078  1.424  0.037  1.453  0.001
  1.468  -0.038  1.462  -0.071  1.437  -0.088  1.420  -0.101
  1.417  -0.126  1.408  -0.153  1.410  -0.123
  -0.537  -0.760  -0.568  -0.815  -0.607  -0.831  -0.668  -0.866
  -0.725  -0.920  -0.769  -0.965  -0.802  -0.963  -0.821  -0.956
  -0.803  -0.968  -0.750  -0.922  -0.700  -0.833  -0.653  -0.745
  -0.620  -0.676  -0.588  -0.617  -0.555  -0.560  -0.522  -0.505
  -0.486  -0.448  -0.449  -0.392  -0.411  -0.333  -0.373  -0.273
  -0.332  -0.211  -0.287  -0.153  -0.244  -0.086  -0.203  -0.005
  -0.141  0.054  -0.088  0.128  -0.033  0.225  0.015  0.302
  0.055  0.352  0.092  0.393  0.119  0.424  0.146  0.433
  0.140  0.455  0.120  0.488  0.212  0.467  0.353  0.407
  0.431  0.381  0.592  0.336  0.836  0.281  1.106  0.219
  1.192  0.186  1.295  0.147  1.384  0.107  1.435  0.064
  1.457  0.033  1.472  -0.010  1.447  -0.030  1.435  -0.049
  1.433  -0.074  1.409  -0.091  1.410  -0.060
  -0.582  -0.763  -0.617  -0.807  -0.651  -0.815  -0.699  -0.854
  -0.759  -0.893  -0.807  -0.946  -0.839  -0.960  -0.861  -0.945
  -0.867  -0.966  -0.851  -0.934  -0.805  -0.885  -0.742  -0.825
  -0.696  -0.737  -0.661  -0.672  -0.627  -0.607  -0.594  -0.545
  -0.561  -0.483  -0.523  -0.431  -0.488  -0.362  -0.455  -0.287
  -0.409  -0.234  -0.364  -0.163  -0.320  -0.096  -0.276  -0.016
  -0.224  0.053  -0.169  0.140  -0.129  0.248  -0.082  0.311
  -0.043  0.367  -0.016  0.420  0.000  0.466  0.006  0.501
  0.005  0.533  0.010  0.561  0.067  0.557  0.167  0.512
  0.288  0.464  0.510  0.400  0.783  0.344  0.983  0.298
  1.106  0.259  1.267  0.210  1.324  0.178  1.396  0.126
  1.425  0.099  1.453  0.055  1.448  0.031  1.438  0.010
  1.432  -0.017  1.413  -0.035  1.408  0.001
  -0.648  -0.759  -0.689  -0.836  -0.710  -0.830  -0.757  -0.847
  -0.813  -0.894  -0.872  -0.933  -0.879  -0.909  -0.864  -0.903
  -0.891  -0.959  -0.914  -0.943  -0.904  -0.898  -0.846  -0.836
  -0.794  -0.777  -0.760  -0.715  -0.716  -0.642  -0.678  -0.567
  -0.647  -0.498  -0.608  -0.448  -0.567  -0.378  -0.529  -0.302
  -0.490  -0.253  -0.451  -0.170  -0.408  -0.074  -0.354  -0.012
  -0.312  0.077  -0.264  0.164  -0.221  0.268  -0.190  0.335
  -0.161  0.402  -0.149  0.470  -0.137  0.516  -0.135  0.564
  -0.130  0.602  -0.101  0.619  -0.051  0.619  0.027  0.594
  0.189  0.537  0.430  0.471  0.730  0.407  0.873  0.372
  1.012  0.331  1.205  0.277  1.260  0.246  1.332  0.196
  1.389  0.157  1.421  0.119  1.437  0.086  1.429  0.062
  1.419  0.039  1.425  0.018  1.408  0.056
  -0.711  -0.722  -0.739  -0.791  -0.736  -0.828  -0.777  -0.832
  -0.840  -0.859  -0.903  -0.896  -0.951  -0.901  -0.925  -0.889
  -0.917  -0.873  -0.955  -0.909  -0.923  -0.887  -0.894  -0.812
  -0.882  -0.770  -0.839  -0.713  -0.793  -0.651  -0.727  -0.558
  -0.725  -0.492  -0.715  -0.425  -0.646  -0.351  -0.602  -0.275
  -0.586  -0.249  -0.547  -0.168  -0.510  -0.080  -0.454  -0.001
  -0.413  0.102  -0.370  0.211  -0.335  0.302  -0.300  0.365
  -0.286  0.441  -0.280  0.510  -0.271  0.563  -0.267  0.615
  -0.260  0.658  -0.232  0.681  -0.160  0.673  -0.037  0.643
  0.138  0.597  0.354  0.540  0.641  0.477  0.797  0.438
  0.946  0.396  1.101  0.352  1.184  0.306  1.246  0.265
  1.329  0.218  1.373  0.182  1.425  0.136  1.420  0.105
  1.406  0.096  1.416  0.086  1.393  0.119
  -0.735  -0.697  -0.809  -0.771  -0.839  -0.820  -0.808  -0.794
  -0.832  -0.800  -0.904  -0.869  -0.978  -0.892  -0.975  -0.843
  -0.956  -0.826  -0.997  -0.856  -0.978  -0.806  -0.952  -0.774
  -0.941  -0.736  -0.892  -0.645  -0.848  -0.596  -0.808  -0.538
  -0.779  -0.454  -0.751  -0.375  -0.711  -0.326  -0.694  -0.278
  -0.691  -0.221  -0.665  -0.122  -0.626  -0.035  -0.556  0.027
  -0.510  0.119  -0.478  0.233  -0.444  0.330  -0.422  0.411
  -0.407  0.481  -0.403  0.545  -0.392  0.602  -0.383  0.654
  -0.362  0.697  -0.328  0.726  -0.235  0.716  -0.058  0.683
  0.108  0.649  0.310  0.596  0.557  0.542  0.729  0.499
  0.914  0.451  1.023  0.413  1.098  0.365  1.153  0.330
  1.232  0.287  1.289  0.243  1.371  0.198  1.394  0.167
  1.401  0.150  1.417  0.141  1.373  0.180
  -0.815  -0.674  -0.828  -0.718  -0.868  -0.765  -0.901  -0.797
  -0.867  -0.780  -0.896  -0.799  -0.984  -0.845  -1.005  -0.802
  -0.991  -0.796  -0.993  -0.798  -0.994  -0.750  -0.993  -0.719
  -0.945  -0.660  -0.903  -0.602  -0.879  -0.527  -0.851  -0.450
  -0.812  -0.403  -0.785  -0.328  -0.769  -0.243  -0.771  -0.190
  -0.763  -0.145  -0.728  -0.085  -0.719  -0.013  -0.690  0.051
  -0.640  0.148  -0.575  0.264  -0.532  0.345  -0.526  0.426
  -0.513  0.516  -0.504  0.578  -0.491  0.632  -0.472  0.681
  -0.432  0.721  -0.381  0.750  -0.279  0.746  -0.084  0.719
  0.092  0.690  0.275  0.646  0.470  0.602  0.666  0.555
  0.860  0.506  0.997  0.455  1.032  0.417  1.068  0.388
  1.141  0.346  1.206  0.307  1.280  0.275  1.334  0.245
  1.359  0.218  1.386  0.198  1.332  0.242
  -0.879  -0.661  -0.941  -0.699  -0.918  -0.685  -0.940  -0.738
  -0.938  -0.748  -0.920  -0.748  -0.987  -0.789  -1.025  -0.755
  -1.025  -0.762  -1.013  -0.758  -0.990  -0.690  -1.004  -0.663
  -1.003  -0.636  -0.964  -0.559  -0.943  -0.462  -0.905  -0.383
  -0.844  -0.285  -0.804  -0.205  -0.814  -0.196  -0.825  -0.139
  -0.777  -0.044  -0.766  -0.002  -0.814  0.019  -0.774  0.097
  -0.721  0.193  -0.649  0.292  -0.625  0.357  -0.622  0.422
  -0.581  0.520  -0.580  0.604  -0.560  0.661  -0.526  0.703
  -0.482  0.739  -0.411  0.759  -0.281  0.762  -0.097  0.748
  0.070  0.722  0.244  0.689  0.414  0.651  0.607  0.605
  0.805  0.553  0.944  0.498  0.966  0.463  0.994  0.434
  1.057  0.401  1.140  0.369  1.205  0.346  1.268  0.318
  1.309  0.290  1.327  0.272  1.266  0.312
  -0.884  -0.634  -0.993  -0.675  -0.978  -0.656  -0.984  -0.668
  -1.007  -0.673  -0.998  -0.702  -0.990  -0.710  -1.036  -0.689
  -1.036  -0.707  -1.020  -0.708  -1.033  -0.664  -1.019  -0.590
  -1.033  -0.494  -1.034  -0.407  -0.989  -0.357  -0.945  -0.303
  -0.904  -0.227  -0.864  -0.174  -0.836  -0.119  -0.819  -0.048
  -0.813  0.004  -0.814  0.038  -0.805  0.095  -0.780  0.167
  -0.761  0.232  -0.717  0.308  -0.695  0.372  -0.660  0.435
  -0.632  0.504  -0.639  0.592  -0.619  0.683  -0.552  0.721
  -0.485  0.748  -0.401  0.765  -0.244  0.772  -0.094  0.768
  0.025  0.752  0.222  0.724  0.420  0.683  0.605  0.639
  0.752  0.592  0.849  0.542  0.897  0.504  0.930  0.477
  0.976  0.458  1.071  0.428  1.146  0.404  1.215  0.377
  1.269  0.352  1.279  0.338  1.207  0.377
  -0.825  -0.578  -0.988  -0.640  -1.059  -0.663  -1.054  -0.641
  -1.040  -0.614  -1.032  -0.611  -1.032  -0.626  -1.096  -0.627
  -1.094  -0.598  -1.046  -0.578  -1.046  -0.533  -1.054  -0.463
  -1.050  -0.394  -1.023  -0.331  -0.984  -0.277  -0.938  -0.206
  -0.895  -0.130  -0.851  -0.072  -0.811  -0.028  -0.796  0.013
  -0.820  0.040  -0.848  0.074  -0.801  0.143  -0.746  0.215
  -0.749  0.271  -0.732  0.331  -0.707  0.392  -0.702  0.447
  -0.653  0.505  -0.648  0.575  -0.656  0.663  -0.556  0.732
  -0.452  0.757  -0.388  0.771  -0.251  0.777  -0.092  0.777
  0.021  0.773  0.245  0.744  0.456  0.705  0.587  0.669
  0.679  0.628  0.773  0.576  0.843  0.541  0.872  0.522
  0.910  0.509  1.007  0.480  1.095  0.453  1.171  0.426
  1.232  0.402  1.242  0.391  1.162  0.430
  -0.724  -0.509  -0.869  -0.546  -0.916  -0.548  -0.976  -0.549
  -1.071  -0.542  -1.091  -0.537  -1.119  -0.540  -1.145  -0.494
  -1.065  -0.438  -1.064  -0.428  -1.100  -0.415  -1.065  -0.383
  -1.031  -0.341  -1.001  -0.278  -0.958  -0.187  -0.849  -0.092
  -0.772  -0.036  -0.790  0.001  -0.753  0.052  -0.706  0.087
  -0.741  0.106  -0.805  0.130  -0.817  0.176  -0.721  0.248
  -0.648  0.314  -0.684  0.359  -0.728  0.405  -0.753  0.455
  -0.697  0.513  -0.623  0.571  -0.592  0.635  -0.533  0.709
  -0.459  0.765  -0.382  0.790  -0.258  0.788  -0.082  0.783
  0.071  0.779  0.284  0.756  0.441  0.725  0.529  0.691
  0.614  0.653  0.706  0.608  0.780  0.580  0.813  0.567
  0.855  0.553  0.933  0.529  1.034  0.499  1.123  0.471
  1.194  0.446  1.228  0.429  1.126  0.473
  -0.601  -0.427  -0.692  -0.425  -0.788  -0.411  -0.888  -0.406
  -0.965  -0.419  -1.043  -0.438  -1.096  -0.411  -1.105  -0.385
  -1.074  -0.378  -1.008  -0.338  -0.983  -0.306  -0.979  -0.289
  -0.959  -0.246  -0.921  -0.175  -0.852  -0.102  -0.768  -0.022
  -0.739  0.032  -0.725  0.064  -0.659  0.111  -0.588  0.151
  -0.630  0.165  -0.725  0.179  -0.729  0.222  -0.660  0.283
  -0.580  0.345  -0.600  0.390  -0.672  0.427  -0.726  0.471
  -0.739  0.519  -0.651  0.573  -0.593  0.620  -0.511  0.674
  -0.427  0.738  -0.353  0.788  -0.244  0.795  -0.049  0.789
  0.123  0.779  0.258  0.770  0.369  0.745  0.471  0.707
  0.560  0.676  0.639  0.641  0.716  0.615  0.767  0.601
  0.808  0.589  0.855  0.574  0.959  0.544  1.067  0.514
  1.150  0.487  1.217  0.462  1.091  0.511
  -0.575  -0.355  -0.638  -0.308  -0.711  -0.279  -0.786  -0.293
  -0.872  -0.321  -0.957  -0.331  -0.955  -0.316  -0.951  -0.304
  -0.956  -0.295  -0.948  -0.278  -0.949  -0.263  -0.873  -0.218
  -0.793  -0.147  -0.760  -0.062  -0.688  0.015  -0.630  0.058
  -0.630  0.089  -0.618  0.128  -0.586  0.163  -0.580  0.180
  -0.617  0.191  -0.636  0.224  -0.609  0.272  -0.545  0.327
  -0.514  0.375  -0.541  0.415  -0.573  0.455  -0.625  0.495
  -0.664  0.535  -0.648  0.580  -0.614  0.620  -0.495  0.660
  -0.375  0.702  -0.279  0.740  -0.190  0.765  -0.048  0.774
  0.073  0.776  0.185  0.781  0.299  0.760  0.403  0.728
  0.495  0.703  0.577  0.675  0.658  0.649  0.725  0.629
  0.762  0.620  0.799  0.609  0.888  0.586  1.005  0.554
  1.106  0.524  1.181  0.498  1.048  0.547
  -0.628  -0.298  -0.689  -0.237  -0.712  -0.216  -0.716  -0.236
  -0.752  -0.247  -0.792  -0.244  -0.823  -0.244  -0.845  -0.240
  -0.819  -0.217  -0.810  -0.202  -0.816  -0.190  -0.772  -0.142
  -0.707  -0.065  -0.663  -0.000  -0.617  0.054  -0.547  0.108
  -0.483  0.166  -0.479  0.203  -0.500  0.205  -0.530  0.208
  -0.563  0.227  -0.573  0.261  -0.561  0.303  -0.534  0.348
  -0.517  0.393  -0.516  0.436  -0.539  0.476  -0.581  0.514
  -0.580  0.555  -0.578  0.595  -0.546  0.631  -0.440  0.666
  -0.340  0.693  -0.256  0.715  -0.171  0.731  -0.077  0.740
  0.014  0.759  0.119  0.776  0.230  0.765  0.331  0.743
  0.426  0.724  0.515  0.702  0.602  0.679  0.677  0.657
  0.725  0.645  0.763  0.637  0.826  0.621  0.944  0.590
  1.059  0.558  1.133  0.535  0.995  0.582
  -0.682  -0.257  -0.707  -0.222  -0.712  -0.208  -0.709  -0.207
  -0.716  -0.202  -0.723  -0.194  -0.737  -0.187  -0.741  -0.176
  -0.736  -0.164  -0.738  -0.154  -0.730  -0.136  -0.690  -0.082
  -0.631  -0.002  -0.589  0.057  -0.547  0.114  -0.494  0.174
  -0.458  0.208  -0.441  0.232  -0.464  0.235  -0.515  0.234
  -0.530  0.260  -0.529  0.298  -0.531  0.336  -0.532  0.375
  -0.532  0.415  -0.533  0.456  -0.547  0.496  -0.569  0.534
  -0.574  0.572  -0.573  0.609  -0.526  0.644  -0.418  0.677
  -0.331  0.704  -0.264  0.725  -0.195  0.734  -0.122  0.737
  -0.037  0.754  0.057  0.771  0.161  0.771  0.274  0.760
  0.371  0.743  0.462  0.725  0.551  0.706  0.636  0.685
  0.704  0.669  0.741  0.662  0.790  0.651  0.906  0.622
  1.027  0.590  1.101  0.569  0.961  0.615
0.508436  5.089494  51  0.508436  5.089494  51
0.992987  0.025619  -0.000038  1.007302  -1.405 -3.068
  -0.410  -0.318  -0.362  -0.279  -0.312  -0.243  -0.231  -0.195
  -0.097  -0.126  0.003  -0.068  0.064  -0.020  0.124  0.032
  0.190  0.083  0.232  0.127  0.275  0.169  0.335  0.212
  0.389  0.253  0.437  0.291  0.477  0.330  0.486  0.376
  0.493  0.429  0.517  0.493  0.496  0.594  0.523  0.666
  0.651  0.653  0.730  0.661  0.802  0.666  0.901  0.658
  0.921  0.669  0.863  0.677  0.829  0.681  0.846  0.688
  0.748  0.664  0.635  0.623  0.524  0.559  0.412  0.499
  0.336  0.456  0.303  0.437  0.274  0.418  0.224  0.385
  0.197  0.364  0.189  0.354  0.163  0.332  0.124  0.300
  0.123  0.292  0.149  0.299  0.141  0.283  0.112  0.253
  0.101  0.229  0.108  0.208  0.102  0.186  0.088  0.163
  0.172  0.101  0.349  0.011  0.336  0.025
  -0.451  -0.334  -0.410  -0.299  -0.363  -0.265  -0.295  -0.222
  -0.164  -0.155  -0.060  -0.096  0.013  -0.042  0.081  0.014
  0.160  0.071  0.219  0.120  0.271  0.165  0.326  0.208
  0.372  0.247  0.421  0.287  0.472  0.329  0.499  0.374
  0.522  0.428  0.539  0.488  0.509  0.601  0.522  0.681
  0.635  0.682  0.745  0.673  0.842  0.660  0.906  0.664
  0.932  0.676  0.887  0.686  0.846  0.692  0.859  0.700
  0.777  0.682  0.633  0.625  0.512  0.555  0.419  0.504
  0.344  0.462  0.306  0.440  0.267  0.416  0.211  0.379
  0.196  0.366  0.178  0.350  0.140  0.320  0.119  0.298
  0.123  0.293  0.134  0.290  0.117  0.271  0.090  0.243
  0.096  0.222  0.103  0.201  0.087  0.176  0.106  0.142
  0.226  0.072  0.347  -0.013  0.354  0.001
  -0.545  -0.373  -0.508  -0.339  -0.447  -0.300  -0.394  -0.263
  -0.287  -0.206  -0.168  -0.144  -0.068  -0.083  -0.002  -0.026
  0.079  0.036  0.175  0.097  0.257  0.152  0.328  0.200
  0.383  0.244  0.436  0.285  0.488  0.328  0.531  0.371
  0.570  0.428  0.601  0.486  0.621  0.575  0.597  0.684
  0.636  0.735  0.770  0.712  0.889  0.691  0.937  0.695
  0.972  0.700  0.977  0.708  0.913  0.721  0.889  0.725
  0.830  0.707  0.664  0.641  0.538  0.572  0.451  0.522
  0.383  0.483  0.330  0.453  0.271  0.418  0.203  0.375
  0.185  0.360  0.168  0.344  0.121  0.308  0.106  0.294
  0.118  0.294  0.107  0.276  0.077  0.248  0.066  0.224
  0.075  0.202  0.073  0.179  0.059  0.155  0.127  0.100
  0.271  0.024  0.311  -0.058  0.320  -0.041
  -0.655  -0.427  -0.606  -0.384  -0.533  -0.339  -0.473  -0.298
  -0.389  -0.249  -0.260  -0.185  -0.148  -0.125  -0.077  -0.071
  0.000  -0.010  0.101  0.055  0.193  0.118  0.280  0.176
  0.364  0.228  0.438  0.276  0.507  0.324  0.566  0.371
  0.619  0.427  0.660  0.489  0.697  0.557  0.673  0.662
  0.673  0.744  0.805  0.730  0.902  0.720  0.963  0.725
  1.020  0.723  1.035  0.738  0.994  0.749  0.934  0.746
  0.862  0.716  0.703  0.656  0.562  0.593  0.498  0.548
  0.429  0.510  0.364  0.473  0.276  0.421  0.200  0.374
  0.164  0.349  0.132  0.326  0.085  0.290  0.074  0.277
  0.091  0.281  0.075  0.260  0.038  0.225  0.044  0.202
  0.052  0.180  0.031  0.153  0.046  0.118  0.139  0.056
  0.246  -0.023  0.258  -0.106  0.259  -0.085
  -0.733  -0.458  -0.671  -0.410  -0.599  -0.363  -0.531  -0.319
  -0.452  -0.272  -0.338  -0.214  -0.223  -0.156  -0.137  -0.103
  -0.058  -0.045  0.029  0.016  0.134  0.080  0.232  0.143
  0.324  0.202  0.401  0.255  0.479  0.308  0.568  0.366
  0.645  0.428  0.713  0.491  0.760  0.552  0.769  0.637
  0.737  0.737  0.787  0.778  0.903  0.748  0.992  0.740
  1.039  0.756  1.072  0.764  1.060  0.763  0.981  0.766
  0.886  0.734  0.757  0.675  0.603  0.613  0.524  0.567
  0.470  0.534  0.387  0.487  0.282  0.426  0.205  0.381
  0.149  0.344  0.089  0.303  0.055  0.276  0.048  0.264
  0.051  0.257  0.029  0.232  -0.002  0.200  0.007  0.176
  0.019  0.154  -0.006  0.126  0.034  0.079  0.155  0.009
  0.226  -0.071  0.208  -0.145  0.212  -0.126
  -0.780  -0.472  -0.714  -0.422  -0.645  -0.376  -0.569  -0.331
  -0.493  -0.286  -0.401  -0.236  -0.291  -0.180  -0.191  -0.126
  -0.105  -0.071  -0.022  -0.012  0.082  0.050  0.184  0.113
  0.276  0.172  0.375  0.231  0.465  0.290  0.560  0.352
  0.655  0.420  0.723  0.488  0.768  0.553  0.816  0.625
  0.804  0.716  0.809  0.790  0.904  0.778  0.995  0.772
  1.063  0.789  1.119  0.790  1.109  0.793  1.047  0.794
  0.924  0.757  0.815  0.700  0.650  0.634  0.545  0.590
  0.494  0.552  0.384  0.490  0.285  0.431  0.205  0.384
  0.127  0.334  0.056  0.286  0.031  0.263  0.035  0.257
  0.016  0.235  -0.020  0.201  -0.034  0.174  -0.028  0.149
  -0.031  0.124  -0.049  0.097  0.014  0.044  0.147  -0.046
  0.179  -0.125  0.161  -0.176  0.161  -0.159
  -0.815  -0.481  -0.752  -0.431  -0.680  -0.387  -0.604  -0.343
  -0.534  -0.300  -0.456  -0.255  -0.355  -0.202  -0.243  -0.146
  -0.151  -0.091  -0.062  -0.033  0.041  0.026  0.147  0.088
  0.241  0.146  0.342  0.207  0.441  0.269  0.541  0.332
  0.659  0.405  0.741  0.474  0.798  0.543  0.842  0.614
  0.828  0.710  0.824  0.799  0.907  0.804  0.999  0.805
  1.099  0.812  1.133  0.824  1.144  0.828  1.093  0.814
  0.934  0.772  0.834  0.718  0.708  0.665  0.590  0.619
  0.506  0.568  0.385  0.494  0.296  0.441  0.207  0.386
  0.098  0.317  0.029  0.270  0.006  0.250  0.002  0.238
  -0.026  0.210  -0.063  0.174  -0.065  0.147  -0.056  0.122
  -0.083  0.094  -0.073  0.060  0.033  -0.005  0.129  -0.093
  0.104  -0.164  0.114  -0.202  0.109  -0.184
  -0.852  -0.492  -0.784  -0.441  -0.712  -0.398  -0.642  -0.357
  -0.570  -0.314  -0.499  -0.271  -0.407  -0.221  -0.294  -0.165
  -0.188  -0.108  -0.096  -0.049  -0.008  0.010  0.102  0.067
  0.208  0.126  0.314  0.186  0.423  0.249  0.528  0.314
  0.636  0.382  0.732  0.451  0.806  0.523  0.861  0.596
  0.890  0.681  0.879  0.785  0.896  0.844  1.003  0.842
  1.091  0.841  1.130  0.851  1.167  0.845  1.107  0.826
  0.944  0.780  0.810  0.727  0.741  0.685  0.606  0.632
  0.477  0.571  0.388  0.501  0.290  0.440  0.198  0.382
  0.071  0.302  0.001  0.255  -0.013  0.239  -0.039  0.213
  -0.082  0.175  -0.103  0.145  -0.101  0.119  -0.107  0.092
  -0.135  0.059  -0.090  0.004  0.060  -0.065  0.096  -0.136
  0.051  -0.205  0.071  -0.224  0.064  -0.207
  -0.874  -0.501  -0.807  -0.451  -0.742  -0.411  -0.672  -0.370
  -0.598  -0.327  -0.521  -0.283  -0.434  -0.235  -0.335  -0.183
  -0.224  -0.126  -0.123  -0.066  -0.035  -0.005  0.066  0.052
  0.165  0.109  0.266  0.167  0.392  0.231  0.507  0.295
  0.618  0.360  0.723  0.429  0.805  0.500  0.871  0.577
  0.924  0.655  0.924  0.756  0.911  0.847  1.000  0.869
  1.067  0.866  1.136  0.861  1.154  0.854  1.100  0.832
  0.957  0.783  0.808  0.731  0.741  0.692  0.612  0.636
  0.447  0.562  0.367  0.499  0.272  0.435  0.165  0.365
  0.039  0.284  -0.038  0.232  -0.052  0.216  -0.082  0.188
  -0.133  0.145  -0.146  0.111  -0.146  0.082  -0.175  0.050
  -0.190  -0.002  -0.125  -0.079  -0.012  -0.152  0.001  -0.221
  -0.025  -0.273  -0.010  -0.290  -0.022  -0.274
  -0.881  -0.507  -0.818  -0.458  -0.756  -0.420  -0.687  -0.380
  -0.610  -0.336  -0.531  -0.292  -0.445  -0.245  -0.353  -0.194
  -0.250  -0.140  -0.145  -0.082  -0.054  -0.021  0.036  0.039
  0.142  0.096  0.247  0.155  0.364  0.216  0.469  0.275
  0.575  0.336  0.688  0.404  0.782  0.475  0.865  0.552
  0.928  0.629  0.948  0.716  0.935  0.820  0.966  0.894
  1.044  0.889  1.130  0.874  1.131  0.867  1.061  0.831
  0.961  0.778  0.796  0.725  0.679  0.675  0.572  0.619
  0.401  0.541  0.308  0.479  0.233  0.421  0.112  0.337
  0.000  0.263  -0.078  0.211  -0.108  0.184  -0.149  0.147
  -0.204  0.099  -0.228  0.054  -0.242  0.008  -0.282  -0.031
  -0.283  -0.103  -0.184  -0.193  -0.113  -0.270  -0.142  -0.340
  -0.125  -0.355  -0.098  -0.367  -0.114  -0.350
  -0.884  -0.513  -0.819  -0.463  -0.755  -0.425  -0.683  -0.384
  -0.607  -0.341  -0.529  -0.297  -0.443  -0.250  -0.353  -0.200
  -0.257  -0.148  -0.154  -0.092  -0.059  -0.033  0.026  0.028
  0.124  0.086  0.230  0.145  0.341  0.206  0.454  0.263
  0.557  0.320  0.657  0.379  0.749  0.445  0.821  0.519
  0.878  0.600  0.925  0.681  0.939  0.783  0.952  0.879
  1.029  0.891  1.100  0.888  1.096  0.883  1.032  0.823
  0.915  0.765  0.781  0.714  0.632  0.654  0.509  0.586
  0.356  0.513  0.225  0.449  0.165  0.393  0.049  0.308
  -0.043  0.240  -0.110  0.193  -0.167  0.148  -0.244  0.085
  -0.314  0.018  -0.343  -0.035  -0.390  -0.098  -0.450  -0.161
  -0.416  -0.231  -0.262  -0.320  -0.224  -0.390  -0.264  -0.443
  -0.238  -0.457  -0.215  -0.480  -0.239  -0.464
  -0.877  -0.516  -0.811  -0.465  -0.746  -0.427  -0.673  -0.386
  -0.597  -0.343  -0.518  -0.299  -0.432  -0.252  -0.341  -0.202
  -0.250  -0.151  -0.151  -0.096  -0.050  -0.039  0.038  0.021
  0.121  0.081  0.225  0.138  0.332  0.197  0.439  0.254
  0.538  0.307  0.629  0.360  0.719  0.416  0.786  0.481
  0.840  0.560  0.886  0.644  0.901  0.751  0.904  0.862
  0.976  0.891  1.028  0.893  1.045  0.868  0.963  0.812
  0.851  0.750  0.742  0.683  0.593  0.632  0.427  0.551
  0.309  0.480  0.168  0.416  0.058  0.343  -0.032  0.270
  -0.115  0.201  -0.184  0.147  -0.261  0.086  -0.366  0.001
  -0.460  -0.094  -0.486  -0.153  -0.564  -0.229  -0.601  -0.310
  -0.511  -0.400  -0.361  -0.483  -0.371  -0.520  -0.391  -0.561
  -0.360  -0.577  -0.308  -0.572  -0.341  -0.559
  -0.865  -0.517  -0.797  -0.466  -0.731  -0.428  -0.659  -0.387
  -0.583  -0.344  -0.505  -0.300  -0.417  -0.252  -0.323  -0.201
  -0.229  -0.149  -0.131  -0.095  -0.030  -0.039  0.062  0.019
  0.141  0.079  0.231  0.134  0.323  0.189  0.412  0.242
  0.510  0.292  0.594  0.339  0.668  0.386  0.735  0.442
  0.788  0.516  0.832  0.602  0.874  0.703  0.882  0.820
  0.899  0.896  0.949  0.891  0.964  0.855  0.876  0.795
  0.784  0.715  0.664  0.646  0.506  0.584  0.337  0.505
  0.235  0.436  0.094  0.365  -0.061  0.284  -0.123  0.219
  -0.204  0.147  -0.308  0.065  -0.427  -0.026  -0.516  -0.111
  -0.610  -0.216  -0.696  -0.310  -0.799  -0.391  -0.781  -0.468
  -0.520  -0.587  -0.463  -0.657  -0.541  -0.688  -0.478  -0.672
  -0.451  -0.688  -0.414  -0.689  -0.456  -0.674
  -0.842  -0.519  -0.773  -0.466  -0.712  -0.424  -0.653  -0.377
  -0.565  -0.343  -0.485  -0.299  -0.399  -0.251  -0.307  -0.201
  -0.198  -0.143  -0.096  -0.088  0.001  -0.033  0.091  0.022
  0.167  0.079  0.247  0.131  0.323  0.180  0.394  0.227
  0.469  0.272  0.538  0.313  0.594  0.350  0.665  0.400
  0.714  0.468  0.759  0.554  0.814  0.653  0.850  0.768
  0.844  0.871  0.869  0.874  0.854  0.833  0.785  0.748
  0.679  0.664  0.559  0.594  0.392  0.516  0.237  0.448
  0.143  0.386  -0.005  0.302  -0.179  0.212  -0.272  0.130
  -0.365  0.047  -0.483  -0.056  -0.624  -0.157  -0.747  -0.229
  -0.838  -0.318  -0.953  -0.434  -1.040  -0.502  -0.979  -0.567
  -0.700  -0.684  -0.715  -0.726  -0.702  -0.789  -0.592  -0.786
  -0.529  -0.810  -0.484  -0.793  -0.558  -0.772
  -0.803  -0.528  -0.731  -0.473  -0.676  -0.427  -0.629  -0.374
  -0.544  -0.339  -0.474  -0.289  -0.378  -0.249  -0.287  -0.200
  -0.171  -0.139  -0.067  -0.083  0.027  -0.030  0.115  0.023
  0.189  0.077  0.250  0.130  0.321  0.173  0.384  0.215
  0.442  0.253  0.491  0.288  0.529  0.320  0.569  0.356
  0.600  0.407  0.640  0.483  0.687  0.574  0.766  0.685
  0.777  0.789  0.747  0.833  0.709  0.775  0.639  0.671
  0.526  0.590  0.417  0.526  0.283  0.438  0.127  0.377
  -0.001  0.313  -0.129  0.227  -0.349  0.117  -0.533  0.017
  -0.601  -0.083  -0.718  -0.192  -0.831  -0.268  -1.001  -0.331
  -1.115  -0.398  -1.214  -0.487  -1.237  -0.558  -1.146  -0.623
  -0.987  -0.747  -0.970  -0.776  -0.868  -0.837  -0.821  -0.873
  -0.646  -0.894  -0.532  -0.914  -0.648  -0.871
  -0.764  -0.536  -0.691  -0.479  -0.629  -0.436  -0.572  -0.387
  -0.504  -0.342  -0.448  -0.285  -0.355  -0.245  -0.275  -0.190
  -0.153  -0.138  -0.045  -0.082  0.046  -0.029  0.131  0.020
  0.205  0.071  0.262  0.123  0.321  0.166  0.372  0.205
  0.412  0.239  0.454  0.269  0.483  0.296  0.501  0.322
  0.508  0.353  0.515  0.401  0.546  0.475  0.606  0.568
  0.647  0.674  0.608  0.740  0.562  0.684  0.478  0.589
  0.368  0.516  0.272  0.427  0.142  0.359  0.008  0.296
  -0.149  0.231  -0.340  0.132  -0.577  0.002  -0.864  -0.082
  -0.876  -0.190  -0.949  -0.269  -1.031  -0.340  -1.140  -0.415
  -1.256  -0.490  -1.379  -0.562  -1.386  -0.630  -1.308  -0.688
  -1.163  -0.785  -1.074  -0.826  -1.065  -0.869  -0.971  -0.914
  -0.811  -0.946  -0.651  -0.996  -0.782  -0.939
  -0.735  -0.535  -0.663  -0.477  -0.595  -0.437  -0.525  -0.394
  -0.455  -0.348  -0.390  -0.297  -0.313  -0.247  -0.248  -0.187
  -0.137  -0.141  -0.027  -0.081  0.054  -0.024  0.143  0.019
  0.218  0.065  0.277  0.113  0.323  0.161  0.369  0.195
  0.403  0.227  0.431  0.255  0.448  0.279  0.449  0.300
  0.444  0.318  0.420  0.342  0.418  0.387  0.438  0.472
  0.447  0.592  0.443  0.617  0.373  0.577  0.275  0.507
  0.204  0.426  0.115  0.331  -0.022  0.276  -0.107  0.206
  -0.334  0.136  -0.668  0.027  -0.798  -0.097  -1.021  -0.152
  -1.091  -0.267  -1.144  -0.331  -1.226  -0.413  -1.305  -0.484
  -1.384  -0.557  -1.451  -0.621  -1.470  -0.672  -1.408  -0.721
  -1.289  -0.782  -1.226  -0.830  -1.158  -0.882  -1.038  -0.934
  -0.925  -0.976  -0.786  -1.011  -0.910  -0.951
  -0.708  -0.531  -0.636  -0.473  -0.565  -0.432  -0.493  -0.390
  -0.420  -0.348  -0.343  -0.301  -0.265  -0.252  -0.190  -0.197
  -0.097  -0.146  0.002  -0.087  0.074  -0.025  0.167  0.017
  0.252  0.062  0.298  0.105  0.338  0.152  0.377  0.188
  0.404  0.224  0.418  0.266  0.426  0.281  0.403  0.311
  0.391  0.314  0.333  0.333  0.280  0.334  0.275  0.395
  0.280  0.485  0.227  0.502  0.150  0.474  0.040  0.424
  -0.057  0.357  -0.138  0.276  -0.224  0.189  -0.307  0.102
  -0.528  0.035  -0.897  -0.080  -0.970  -0.163  -1.164  -0.226
  -1.222  -0.318  -1.278  -0.388  -1.373  -0.474  -1.443  -0.530
  -1.507  -0.583  -1.537  -0.630  -1.548  -0.675  -1.504  -0.726
  -1.385  -0.782  -1.319  -0.830  -1.195  -0.883  -1.087  -0.934
  -0.976  -0.979  -0.853  -1.021  -0.983  -0.955
  -0.674  -0.523  -0.585  -0.473  -0.533  -0.426  -0.462  -0.385
  -0.388  -0.342  -0.307  -0.300  -0.201  -0.269  -0.084  -0.234
  -0.037  -0.158  0.045  -0.100  0.126  -0.037  0.189  0.029
  0.278  0.059  0.333  0.105  0.359  0.169  0.408  0.191
  0.435  0.221  0.439  0.265  0.423  0.306  0.405  0.324
  0.363  0.339  0.300  0.344  0.193  0.335  0.113  0.351
  0.122  0.395  0.067  0.388  -0.031  0.368  -0.151  0.326
  -0.294  0.267  -0.403  0.207  -0.496  0.129  -0.610  0.015
  -0.732  -0.059  -1.032  -0.155  -1.107  -0.235  -1.287  -0.318
  -1.334  -0.379  -1.375  -0.433  -1.435  -0.490  -1.505  -0.542
  -1.562  -0.588  -1.586  -0.630  -1.604  -0.674  -1.577  -0.722
  -1.450  -0.776  -1.346  -0.828  -1.228  -0.878  -1.118  -0.927
  -0.987  -0.978  -0.821  -1.025  -0.972  -0.954
  -0.644  -0.507  -0.560  -0.456  -0.496  -0.419  -0.395  -0.397
  -0.285  -0.393  -0.255  -0.308  -0.160  -0.279  -0.055  -0.228
  0.004  -0.152  0.099  -0.112  0.177  -0.048  0.248  0.010
  0.298  0.069  0.364  0.102  0.400  0.157  0.430  0.208
  0.447  0.241  0.462  0.267  0.447  0.301  0.412  0.322
  0.378  0.330  0.314  0.326  0.211  0.305  0.079  0.286
  0.024  0.304  -0.037  0.284  -0.147  0.257  -0.300  0.211
  -0.454  0.150  -0.569  0.095  -0.686  0.031  -0.804  -0.052
  -0.924  -0.137  -1.115  -0.229  -1.257  -0.326  -1.354  -0.395
  -1.418  -0.438  -1.434  -0.469  -1.458  -0.505  -1.502  -0.547
  -1.550  -0.592  -1.588  -0.635  -1.611  -0.677  -1.582  -0.722
  -1.476  -0.772  -1.373  -0.822  -1.259  -0.872  -1.113  -0.923
  -0.930  -0.977  -0.810  -1.016  -0.962  -0.945
  -0.594  -0.488  -0.524  -0.448  -0.450  -0.458  -0.319  -0.409
  -0.236  -0.404  -0.198  -0.325  -0.136  -0.273  -0.056  -0.206
  0.034  -0.168  0.096  -0.091  0.183  -0.045  0.251  0.008
  0.306  0.062  0.360  0.104  0.400  0.149  0.433  0.199
  0.451  0.236  0.459  0.265  0.449  0.293  0.419  0.307
  0.375  0.315  0.306  0.306  0.198  0.284  0.044  0.240
  -0.011  0.235  -0.113  0.203  -0.251  0.161  -0.393  0.110
  -0.533  0.057  -0.677  -0.005  -0.792  -0.065  -0.913  -0.133
  -1.030  -0.206  -1.178  -0.300  -1.317  -0.397  -1.352  -0.428
  -1.420  -0.467  -1.421  -0.489  -1.428  -0.520  -1.462  -0.558
  -1.505  -0.601  -1.540  -0.642  -1.560  -0.683  -1.545  -0.724
  -1.489  -0.768  -1.387  -0.817  -1.249  -0.868  -1.051  -0.922
  -0.909  -0.968  -0.738  -1.015  -0.907  -0.940
  -0.519  -0.475  -0.457  -0.478  -0.350  -0.471  -0.273  -0.421
  -0.233  -0.399  -0.189  -0.326  -0.128  -0.251  -0.053  -0.204
  0.043  -0.166  0.119  -0.134  0.185  -0.060  0.257  -0.003
  0.319  0.045  0.369  0.088  0.409  0.130  0.441  0.174
  0.462  0.225  0.469  0.248  0.459  0.274  0.435  0.292
  0.389  0.298  0.315  0.293  0.203  0.266  0.037  0.222
  -0.045  0.196  -0.172  0.146  -0.312  0.092  -0.450  0.035
  -0.588  -0.021  -0.717  -0.080  -0.841  -0.145  -0.976  -0.217
  -1.086  -0.284  -1.196  -0.357  -1.315  -0.442  -1.313  -0.445
  -1.354  -0.476  -1.364  -0.502  -1.366  -0.530  -1.394  -0.567
  -1.434  -0.609  -1.465  -0.649  -1.480  -0.688  -1.482  -0.728
  -1.453  -0.768  -1.372  -0.813  -1.189  -0.865  -1.038  -0.914
  -0.850  -0.964  -0.715  -1.010  -0.869  -0.934
  -0.440  -0.473  -0.336  -0.492  -0.277  -0.478  -0.253  -0.424
  -0.226  -0.366  -0.183  -0.333  -0.112  -0.292  -0.025  -0.225
  0.054  -0.198  0.134  -0.141  0.200  -0.087  0.268  -0.038
  0.331  -0.002  0.380  0.055  0.422  0.100  0.453  0.140
  0.476  0.190  0.483  0.224  0.470  0.259  0.448  0.273
  0.403  0.278  0.330  0.274  0.234  0.254  0.121  0.228
  -0.015  0.187  -0.184  0.122  -0.329  0.054  -0.478  -0.014
  -0.627  -0.088  -0.750  -0.151  -0.879  -0.218  -0.992  -0.284
  -1.101  -0.347  -1.189  -0.400  -1.248  -0.441  -1.256  -0.458
  -1.274  -0.485  -1.278  -0.510  -1.282  -0.537  -1.306  -0.573
  -1.343  -0.614  -1.372  -0.654  -1.385  -0.692  -1.392  -0.730
  -1.378  -0.769  -1.292  -0.811  -1.096  -0.863  -1.008  -0.906
  -0.731  -0.963  -0.690  -1.001  -0.823  -0.927
  -0.387  -0.489  -0.287  -0.501  -0.265  -0.473  -0.231  -0.394
  -0.207  -0.367  -0.166  -0.363  -0.082  -0.322  0.003  -0.255
  0.067  -0.235  0.146  -0.160  0.201  -0.133  0.274  -0.065
  0.332  -0.020  0.381  0.029  0.419  0.071  0.450  0.113
  0.473  0.161  0.479  0.194  0.469  0.227  0.445  0.250
  0.399  0.260  0.335  0.260  0.271  0.257  0.172  0.236
  0.028  0.191  -0.134  0.122  -0.296  0.043  -0.475  -0.048
  -0.624  -0.136  -0.760  -0.209  -0.914  -0.284  -0.995  -0.337
  -1.065  -0.376  -1.120  -0.411  -1.146  -0.437  -1.171  -0.462
  -1.180  -0.491  -1.176  -0.513  -1.179  -0.539  -1.199  -0.575
  -1.234  -0.614  -1.261  -0.653  -1.275  -0.691  -1.278  -0.730
  -1.275  -0.769  -1.182  -0.809  -0.985  -0.861  -0.912  -0.901
  -0.637  -0.956  -0.539  -0.993  -0.686  -0.921
  -0.338  -0.506  -0.281  -0.504  -0.277  -0.459  -0.227  -0.404
  -0.176  -0.380  -0.119  -0.377  -0.047  -0.342  0.031  -0.271
  0.079  -0.256  0.156  -0.186  0.200  -0.167  0.265  -0.098
  0.309  -0.071  0.372  -0.002  0.411  0.046  0.438  0.085
  0.457  0.127  0.469  0.172  0.460  0.200  0.437  0.230
  0.387  0.225  0.356  0.255  0.293  0.253  0.188  0.234
  0.057  0.194  -0.103  0.130  -0.265  0.044  -0.454  -0.068
  -0.606  -0.169  -0.738  -0.246  -0.866  -0.312  -0.949  -0.355
  -1.000  -0.386  -1.041  -0.416  -1.044  -0.435  -1.071  -0.463
  -1.046  -0.514  -1.044  -0.518  -1.042  -0.544  -1.059  -0.582
  -1.089  -0.621  -1.119  -0.657  -1.178  -0.672  -1.152  -0.728
  -1.152  -0.766  -1.066  -0.805  -0.857  -0.858  -0.720  -0.902
  -0.517  -0.948  -0.435  -0.981  -0.560  -0.913
  -0.328  -0.539  -0.291  -0.518  -0.266  -0.466  -0.213  -0.425
  -0.157  -0.408  -0.087  -0.400  -0.014  -0.357  0.063  -0.282
  0.087  -0.288  0.137  -0.241  0.205  -0.174  0.236  -0.157
  0.306  -0.085  0.356  -0.034  0.393  0.011  0.400  0.023
  0.434  0.085  0.459  0.153  0.437  0.163  0.410  0.189
  0.367  0.200  0.349  0.230  0.289  0.237  0.198  0.227
  0.085  0.198  -0.060  0.150  -0.219  0.061  -0.425  -0.072
  -0.609  -0.212  -0.699  -0.261  -0.775  -0.306  -0.831  -0.346
  -0.878  -0.382  -0.929  -0.417  -0.929  -0.438  -0.942  -0.467
  -0.868  -0.542  -0.878  -0.530  -0.868  -0.556  -0.888  -0.594
  -0.919  -0.634  -0.950  -0.669  -1.070  -0.651  -1.016  -0.723
  -1.013  -0.761  -0.911  -0.801  -0.698  -0.853  -0.510  -0.900
  -0.429  -0.937  -0.314  -0.969  -0.423  -0.906
  -0.328  -0.550  -0.306  -0.522  -0.269  -0.496  -0.211  -0.455
  -0.138  -0.443  -0.068  -0.423  0.006  -0.380  0.089  -0.306
  0.097  -0.311  0.128  -0.277  0.195  -0.202  0.207  -0.207
  0.234  -0.199  0.325  -0.082  0.366  -0.031  0.388  0.005
  0.405  0.046  0.414  0.091  0.403  0.122  0.376  0.145
  0.354  0.170  0.327  0.195  0.268  0.204  0.194  0.204
  0.098  0.191  -0.016  0.173  -0.151  0.096  -0.366  -0.057
  -0.558  -0.246  -0.625  -0.265  -0.684  -0.305  -0.725  -0.345
  -0.764  -0.386  -0.773  -0.415  -0.778  -0.445  -0.774  -0.473
  -0.748  -0.512  -0.719  -0.533  -0.703  -0.557  -0.723  -0.593
  -0.766  -0.632  -0.839  -0.644  -0.894  -0.660  -0.867  -0.717
  -0.817  -0.756  -0.673  -0.800  -0.525  -0.847  -0.350  -0.889
  -0.269  -0.923  -0.186  -0.952  -0.260  -0.896
  -0.345  -0.578  -0.336  -0.562  -0.266  -0.505  -0.218  -0.498
  -0.122  -0.470  -0.021  -0.402  0.011  -0.398  0.064  -0.365
  0.100  -0.339  0.114  -0.326  0.130  -0.319  0.214  -0.215
  0.235  -0.211  0.296  -0.128  0.337  -0.083  0.363  -0.032
  0.378  0.009  0.377  0.043  0.363  0.073  0.350  0.104
  0.331  0.131  0.290  0.154  0.236  0.162  0.164  0.163
  0.083  0.166  -0.039  0.126  -0.098  0.107  -0.267  -0.035
  -0.431  -0.182  -0.529  -0.251  -0.587  -0.302  -0.620  -0.343
  -0.639  -0.380  -0.648  -0.415  -0.653  -0.449  -0.630  -0.474
  -0.598  -0.496  -0.541  -0.509  -0.526  -0.538  -0.560  -0.583
  -0.613  -0.622  -0.744  -0.601  -0.695  -0.670  -0.683  -0.709
  -0.553  -0.752  -0.445  -0.797  -0.324  -0.838  -0.230  -0.873
  -0.110  -0.903  -0.076  -0.934  -0.125  -0.884
  -0.356  -0.601  -0.331  -0.567  -0.252  -0.508  -0.197  -0.514
  -0.115  -0.493  -0.032  -0.446  0.021  -0.427  0.047  -0.400
  0.070  -0.388  0.080  -0.398  0.168  -0.290  0.204  -0.262
  0.253  -0.198  0.291  -0.141  0.326  -0.094  0.352  -0.048
  0.363  -0.008  0.360  0.026  0.354  0.059  0.342  0.089
  0.312  0.113  0.265  0.128  0.213  0.140  0.107  0.123
  0.057  0.137  -0.031  0.121  -0.098  0.090  -0.195  -0.012
  -0.321  -0.118  -0.421  -0.207  -0.490  -0.274  -0.518  -0.319
  -0.538  -0.360  -0.510  -0.383  -0.499  -0.415  -0.452  -0.435
  -0.410  -0.460  -0.346  -0.476  -0.339  -0.514  -0.355  -0.556
  -0.424  -0.602  -0.564  -0.575  -0.476  -0.659  -0.448  -0.702
  -0.304  -0.747  -0.241  -0.786  -0.121  -0.822  -0.083  -0.852
  -0.005  -0.883  0.059  -0.907  0.022  -0.864
  -0.385  -0.641  -0.347  -0.592  -0.258  -0.531  -0.200  -0.543
  -0.127  -0.524  -0.054  -0.492  -0.004  -0.474  0.025  -0.443
  0.064  -0.418  0.115  -0.380  0.173  -0.314  0.231  -0.246
  0.268  -0.189  0.295  -0.142  0.325  -0.096  0.345  -0.054
  0.355  -0.014  0.356  0.022  0.354  0.059  0.327  0.081
  0.296  0.102  0.213  0.097  0.194  0.126  0.115  0.123
  0.035  0.118  -0.042  0.114  -0.117  0.080  -0.164  0.015
  -0.247  -0.066  -0.314  -0.144  -0.381  -0.227  -0.395  -0.276
  -0.393  -0.311  -0.378  -0.344  -0.357  -0.377  -0.300  -0.400
  -0.230  -0.420  -0.162  -0.445  -0.130  -0.482  -0.137  -0.525
  -0.219  -0.575  -0.333  -0.553  -0.213  -0.631  -0.166  -0.685
  -0.095  -0.734  -0.030  -0.769  0.020  -0.799  0.076  -0.824
  0.111  -0.854  0.171  -0.871  0.154  -0.834
  -0.391  -0.652  -0.347  -0.601  -0.224  -0.538  -0.163  -0.543
  -0.087  -0.526  -0.033  -0.507  -0.007  -0.488  0.008  -0.480
  0.037  -0.477  0.132  -0.379  0.193  -0.301  0.246  -0.237
  0.284  -0.185  0.311  -0.138  0.330  -0.096  0.339  -0.059
  0.349  -0.017  0.348  0.016  0.347  0.051  0.283  0.056
  0.283  0.093  0.228  0.103  0.175  0.114  0.112  0.118
  0.031  0.112  -0.047  0.107  -0.120  0.080  -0.153  0.033
  -0.198  -0.026  -0.233  -0.088  -0.267  -0.161  -0.275  -0.221
  -0.258  -0.258  -0.243  -0.295  -0.200  -0.324  -0.143  -0.353
  -0.068  -0.380  0.003  -0.415  0.071  -0.453  0.091  -0.498
  -0.021  -0.520  -0.046  -0.541  0.053  -0.600  0.077  -0.655
  0.122  -0.697  0.150  -0.738  0.144  -0.772  0.194  -0.794
  0.216  -0.816  0.244  -0.828  0.243  -0.797
  -0.366  -0.644  -0.323  -0.601  -0.199  -0.534  -0.122  -0.533
  -0.059  -0.520  0.007  -0.496  0.000  -0.504  -0.008  -0.523
  0.085  -0.447  0.157  -0.370  0.225  -0.289  0.258  -0.234
  0.292  -0.184  0.322  -0.136  0.334  -0.098  0.337  -0.062
  0.341  -0.023  0.303  -0.009  0.333  0.042  0.307  0.065
  0.276  0.087  0.232  0.102  0.176  0.111  0.110  0.113
  0.034  0.108  -0.045  0.102  -0.109  0.090  -0.140  0.057
  -0.161  0.013  -0.183  -0.043  -0.178  -0.097  -0.165  -0.157
  -0.137  -0.200  -0.120  -0.240  -0.061  -0.268  0.011  -0.297
  0.082  -0.334  0.153  -0.380  0.259  -0.422  0.339  -0.472
  0.202  -0.464  0.240  -0.524  0.312  -0.570  0.304  -0.609
  0.322  -0.651  0.317  -0.690  0.314  -0.723  0.322  -0.753
  0.316  -0.775  0.312  -0.776  0.316  -0.751
  -0.391  -0.665  -0.333  -0.618  -0.207  -0.556  -0.142  -0.578
  -0.047  -0.533  0.007  -0.516  0.018  -0.519  0.030  -0.513
  0.099  -0.462  0.191  -0.346  0.234  -0.282  0.271  -0.231
  0.298  -0.184  0.322  -0.138  0.339  -0.097  0.347  -0.059
  0.339  -0.026  0.291  -0.017  0.316  0.031  0.304  0.061
  0.275  0.084  0.233  0.100  0.180  0.109  0.110  0.108
  0.031  0.102  -0.036  0.103  -0.097  0.100  -0.134  0.082
  -0.151  0.048  -0.157  -0.001  -0.131  -0.044  -0.101  -0.099
  -0.054  -0.146  0.009  -0.171  0.061  -0.205  0.110  -0.248
  0.191  -0.288  0.276  -0.338  0.405  -0.381  0.526  -0.418
  0.480  -0.437  0.485  -0.491  0.511  -0.527  0.507  -0.558
  0.495  -0.600  0.492  -0.629  0.480  -0.662  0.457  -0.697
  0.446  -0.716  0.436  -0.719  0.441  -0.694
  -0.449  -0.712  -0.385  -0.675  -0.200  -0.572  -0.117  -0.575
  -0.036  -0.539  0.017  -0.524  0.021  -0.548  0.027  -0.549
  0.129  -0.444  0.196  -0.349  0.238  -0.283  0.271  -0.233
  0.300  -0.186  0.318  -0.143  0.336  -0.101  0.343  -0.064
  0.345  -0.028  0.336  0.002  0.322  0.028  0.293  0.047
  0.256  0.078  0.237  0.099  0.185  0.108  0.111  0.106
  0.031  0.098  -0.034  0.099  -0.090  0.104  -0.126  0.106
  -0.146  0.086  -0.135  0.052  -0.110  0.010  -0.068  -0.043
  -0.003  -0.091  0.079  -0.110  0.124  -0.147  0.176  -0.190
  0.245  -0.234  0.319  -0.279  0.468  -0.319  0.597  -0.352
  0.681  -0.406  0.693  -0.443  0.668  -0.471  0.660  -0.499
  0.629  -0.540  0.635  -0.570  0.614  -0.600  0.592  -0.624
  0.576  -0.641  0.567  -0.650  0.575  -0.623
  -0.457  -0.721  -0.416  -0.706  -0.257  -0.631  -0.101  -0.577
  -0.022  -0.548  0.016  -0.529  0.026  -0.530  0.066  -0.509
  0.127  -0.450  0.181  -0.378  0.238  -0.289  0.269  -0.237
  0.292  -0.192  0.312  -0.149  0.329  -0.106  0.336  -0.069
  0.340  -0.033  0.337  0.000  0.324  0.028  0.305  0.052
  0.276  0.076  0.234  0.093  0.177  0.099  0.093  0.099
  0.025  0.091  -0.042  0.090  -0.086  0.106  -0.119  0.123
  -0.144  0.122  -0.135  0.104  -0.113  0.067  -0.061  0.020
  0.018  -0.025  0.083  -0.050  0.121  -0.086  0.171  -0.121
  0.219  -0.156  0.310  -0.195  0.479  -0.245  0.660  -0.295
  0.748  -0.346  0.786  -0.378  0.773  -0.408  0.773  -0.433
  0.749  -0.470  0.739  -0.509  0.711  -0.535  0.695  -0.549
  0.669  -0.566  0.662  -0.590  0.672  -0.561
  -0.431  -0.696  -0.363  -0.672  -0.205  -0.573  -0.048  -0.512
  0.034  -0.506  0.010  -0.531  -0.012  -0.568  0.063  -0.525
  0.114  -0.467  0.178  -0.383  0.233  -0.299  0.261  -0.244
  0.290  -0.195  0.305  -0.155  0.319  -0.114  0.326  -0.076
  0.330  -0.040  0.328  -0.007  0.316  0.022  0.296  0.047
  0.272  0.072  0.228  0.086  0.172  0.093  0.106  0.096
  0.015  0.080  -0.060  0.075  -0.102  0.103  -0.118  0.135
  -0.139  0.153  -0.139  0.153  -0.122  0.124  -0.082  0.085
  -0.021  0.045  0.027  0.025  0.061  0.001  0.093  -0.024
  0.156  -0.064  0.282  -0.109  0.453  -0.167  0.665  -0.224
  0.763  -0.260  0.811  -0.301  0.833  -0.342  0.850  -0.368
  0.849  -0.405  0.821  -0.439  0.797  -0.456  0.773  -0.472
  0.741  -0.491  0.741  -0.524  0.750  -0.495
  -0.425  -0.689  -0.342  -0.660  -0.162  -0.541  -0.016  -0.485
  0.044  -0.481  0.036  -0.480  0.031  -0.503  0.051  -0.520
  0.079  -0.520  0.166  -0.410  0.226  -0.314  0.253  -0.253
  0.276  -0.205  0.297  -0.161  0.308  -0.121  0.315  -0.084
  0.317  -0.048  0.310  -0.017  0.304  0.015  0.290  0.043
  0.258  0.064  0.212  0.078  0.164  0.089  0.095  0.092
  0.002  0.074  -0.067  0.074  -0.100  0.115  -0.119  0.163
  -0.128  0.188  -0.127  0.194  -0.124  0.177  -0.104  0.160
  -0.096  0.136  -0.092  0.135  -0.052  0.113  0.014  0.076
  0.106  0.025  0.207  -0.016  0.399  -0.081  0.650  -0.143
  0.751  -0.174  0.797  -0.218  0.873  -0.259  0.893  -0.296
  0.910  -0.331  0.891  -0.367  0.863  -0.381  0.833  -0.396
  0.819  -0.422  0.804  -0.448  0.805  -0.418
  -0.454  -0.684  -0.358  -0.664  -0.181  -0.551  -0.036  -0.476
  0.033  -0.472  0.036  -0.500  0.031  -0.492  0.036  -0.480
  0.071  -0.491  0.136  -0.447  0.192  -0.361  0.239  -0.279
  0.262  -0.220  0.281  -0.173  0.294  -0.131  0.299  -0.093
  0.301  -0.058  0.294  -0.026  0.283  0.006  0.264  0.035
  0.232  0.059  0.196  0.074  0.140  0.088  0.052  0.098
  -0.021  0.082  -0.099  0.083  -0.128  0.136  -0.137  0.186
  -0.136  0.217  -0.126  0.245  -0.128  0.259  -0.142  0.246
  -0.186  0.248  -0.235  0.267  -0.168  0.235  -0.047  0.166
  0.010  0.131  0.144  0.075  0.368  0.012  0.623  -0.054
  0.706  -0.086  0.787  -0.134  0.878  -0.170  0.911  -0.219
  0.937  -0.246  0.951  -0.286  0.915  -0.307  0.885  -0.331
  0.881  -0.354  0.844  -0.373  0.841  -0.342
  -0.467  -0.672  -0.371  -0.638  -0.202  -0.527  -0.035  -0.451
  0.057  -0.417  0.068  -0.445  0.065  -0.453  0.061  -0.436
  0.067  -0.458  0.093  -0.427  0.147  -0.382  0.209  -0.327
  0.244  -0.250  0.264  -0.198  0.276  -0.149  0.281  -0.104
  0.278  -0.064  0.273  -0.036  0.258  0.005  0.222  0.044
  0.192  0.057  0.156  0.085  0.099  0.096  0.013  0.103
  -0.072  0.095  -0.131  0.120  -0.177  0.182  -0.185  0.220
  -0.173  0.261  -0.161  0.307  -0.167  0.340  -0.211  0.350
  -0.267  0.353  -0.303  0.361  -0.268  0.346  -0.185  0.294
  -0.085  0.237  0.115  0.163  0.369  0.100  0.546  0.045
  0.661  0.004  0.816  -0.046  0.861  -0.082  0.909  -0.142
  0.943  -0.165  0.976  -0.204  0.957  -0.231  0.940  -0.253
  0.923  -0.281  0.885  -0.303  0.876  -0.268
  -0.494  -0.650  -0.426  -0.665  -0.253  -0.542  -0.076  -0.438
  0.036  -0.403  0.057  -0.407  0.076  -0.374  0.104  -0.367
  0.100  -0.419  0.091  -0.404  0.103  -0.364  0.158  -0.309
  0.201  -0.260  0.217  -0.212  0.237  -0.156  0.245  -0.100
  0.240  -0.052  0.233  -0.028  0.222  0.013  0.197  0.057
  0.154  0.061  0.088  0.086  0.025  0.123  -0.041  0.118
  -0.139  0.128  -0.202  0.155  -0.220  0.228  -0.240  0.270
  -0.232  0.326  -0.232  0.387  -0.250  0.417  -0.299  0.439
  -0.358  0.445  -0.378  0.438  -0.351  0.426  -0.291  0.392
  -0.146  0.328  0.079  0.255  0.362  0.184  0.488  0.141
  0.614  0.096  0.803  0.042  0.838  0.003  0.902  -0.048
  0.949  -0.090  0.984  -0.124  0.983  -0.162  0.977  -0.183
  0.953  -0.209  0.951  -0.230  0.934  -0.192
  -0.530  -0.600  -0.480  -0.627  -0.305  -0.563  -0.131  -0.447
  0.011  -0.370  0.065  -0.349  0.056  -0.338  0.104  -0.322
  0.128  -0.305  0.098  -0.344  0.133  -0.326  0.157  -0.259
  0.158  -0.229  0.183  -0.185  0.205  -0.139  0.240  -0.066
  0.205  -0.022  0.166  0.018  0.170  0.058  0.155  0.100
  0.099  0.087  0.041  0.114  -0.034  0.140  -0.119  0.139
  -0.224  0.160  -0.278  0.217  -0.298  0.281  -0.295  0.328
  -0.299  0.393  -0.309  0.453  -0.331  0.491  -0.378  0.518
  -0.434  0.529  -0.467  0.521  -0.434  0.494  -0.328  0.455
  -0.168  0.402  0.035  0.340  0.310  0.271  0.455  0.228
  0.589  0.180  0.738  0.134  0.814  0.086  0.867  0.042
  0.928  -0.012  0.976  -0.045  1.026  -0.090  1.011  -0.123
  0.978  -0.137  0.988  -0.145  0.968  -0.110
  -0.530  -0.564  -0.556  -0.615  -0.443  -0.582  -0.187  -0.427
  0.020  -0.311  0.089  -0.311  0.069  -0.309  0.093  -0.255
  0.128  -0.235  0.095  -0.268  0.118  -0.222  0.143  -0.196
  0.142  -0.169  0.173  -0.092  0.189  -0.061  0.191  -0.026
  0.182  0.035  0.159  0.086  0.131  0.097  0.084  0.109
  0.011  0.123  -0.068  0.162  -0.149  0.182  -0.210  0.170
  -0.285  0.194  -0.344  0.260  -0.366  0.331  -0.365  0.400
  -0.361  0.463  -0.376  0.514  -0.402  0.554  -0.449  0.579
  -0.493  0.590  -0.527  0.585  -0.482  0.551  -0.324  0.509
  -0.173  0.467  0.016  0.408  0.252  0.350  0.416  0.303
  0.593  0.251  0.697  0.212  0.771  0.163  0.812  0.124
  0.883  0.079  0.932  0.033  1.019  -0.009  1.025  -0.045
  1.027  -0.062  1.033  -0.072  0.989  -0.033
  -0.577  -0.526  -0.544  -0.550  -0.497  -0.552  -0.347  -0.479
  -0.077  -0.331  0.072  -0.259  0.077  -0.258  0.094  -0.199
  0.132  -0.186  0.145  -0.186  0.143  -0.143  0.139  -0.119
  0.178  -0.071  0.199  -0.027  0.195  0.030  0.183  0.083
  0.180  0.104  0.150  0.146  0.084  0.185  0.008  0.196
  -0.070  0.191  -0.149  0.186  -0.263  0.188  -0.354  0.185
  -0.403  0.229  -0.406  0.311  -0.404  0.371  -0.413  0.442
  -0.408  0.526  -0.422  0.575  -0.456  0.607  -0.500  0.627
  -0.524  0.635  -0.543  0.628  -0.495  0.596  -0.324  0.558
  -0.165  0.520  0.005  0.470  0.188  0.421  0.376  0.370
  0.564  0.318  0.697  0.265  0.730  0.227  0.761  0.197
  0.835  0.156  0.886  0.112  0.964  0.084  1.016  0.054
  1.034  0.026  1.044  0.002  0.989  0.045
  -0.618  -0.504  -0.636  -0.522  -0.560  -0.485  -0.462  -0.473
  -0.269  -0.373  -0.037  -0.258  0.048  -0.222  0.067  -0.159
  0.098  -0.154  0.134  -0.141  0.169  -0.071  0.155  -0.048
  0.148  -0.030  0.168  0.033  0.148  0.103  0.137  0.154
  0.157  0.227  0.132  0.269  0.051  0.237  -0.043  0.246
  -0.106  0.277  -0.218  0.248  -0.381  0.204  -0.434  0.230
  -0.455  0.288  -0.439  0.360  -0.443  0.409  -0.449  0.468
  -0.419  0.558  -0.450  0.625  -0.478  0.658  -0.504  0.673
  -0.522  0.679  -0.521  0.664  -0.457  0.634  -0.314  0.599
  -0.163  0.564  -0.004  0.525  0.155  0.481  0.338  0.431
  0.529  0.375  0.663  0.318  0.682  0.283  0.710  0.254
  0.774  0.222  0.853  0.189  0.922  0.169  0.990  0.144
  1.019  0.113  1.035  0.095  0.975  0.136
  -0.591  -0.462  -0.655  -0.483  -0.589  -0.445  -0.534  -0.430
  -0.429  -0.367  -0.198  -0.274  -0.002  -0.177  0.023  -0.119
  0.061  -0.117  0.108  -0.104  0.104  -0.060  0.129  0.017
  0.119  0.112  0.100  0.186  0.093  0.204  0.083  0.225
  0.083  0.276  0.051  0.286  0.006  0.299  -0.064  0.319
  -0.176  0.302  -0.299  0.266  -0.380  0.273  -0.425  0.309
  -0.466  0.344  -0.460  0.400  -0.457  0.452  -0.431  0.509
  -0.424  0.565  -0.467  0.634  -0.491  0.703  -0.481  0.715
  -0.479  0.713  -0.461  0.696  -0.378  0.665  -0.281  0.634
  -0.185  0.607  -0.003  0.571  0.182  0.525  0.357  0.475
  0.496  0.425  0.588  0.372  0.632  0.333  0.663  0.305
  0.709  0.288  0.805  0.258  0.883  0.236  0.957  0.212
  1.010  0.188  1.026  0.177  0.956  0.217
  -0.513  -0.398  -0.632  -0.440  -0.654  -0.444  -0.596  -0.402
  -0.518  -0.348  -0.371  -0.272  -0.172  -0.175  -0.116  -0.108
  -0.052  -0.045  0.038  -0.004  0.043  0.040  0.028  0.103
  0.046  0.177  0.054  0.227  0.043  0.249  0.048  0.294
  0.055  0.349  0.021  0.360  -0.018  0.358  -0.091  0.348
  -0.224  0.312  -0.355  0.289  -0.377  0.324  -0.368  0.371
  -0.414  0.404  -0.421  0.450  -0.410  0.502  -0.427  0.544
  -0.409  0.585  -0.441  0.635  -0.491  0.702  -0.443  0.746
  -0.399  0.744  -0.397  0.728  -0.332  0.698  -0.241  0.663
  -0.167  0.639  0.042  0.603  0.240  0.558  0.360  0.517
  0.444  0.472  0.531  0.416  0.596  0.380  0.623  0.360
  0.660  0.347  0.757  0.319  0.847  0.293  0.927  0.268
  0.993  0.247  1.008  0.239  0.930  0.279
  -0.394  -0.320  -0.494  -0.338  -0.492  -0.320  -0.500  -0.302
  -0.541  -0.274  -0.493  -0.241  -0.456  -0.213  -0.401  -0.120
  -0.177  0.020  -0.070  0.091  -0.081  0.114  -0.052  0.139
  -0.026  0.174  -0.015  0.223  -0.001  0.295  0.077  0.370
  0.115  0.403  0.016  0.392  -0.044  0.387  -0.073  0.378
  -0.178  0.359  -0.306  0.350  -0.368  0.370  -0.310  0.421
  -0.267  0.471  -0.324  0.503  -0.389  0.536  -0.443  0.570
  -0.421  0.610  -0.384  0.648  -0.394  0.691  -0.383  0.742
  -0.365  0.773  -0.352  0.768  -0.299  0.731  -0.200  0.686
  -0.095  0.657  0.102  0.626  0.245  0.589  0.322  0.549
  0.399  0.507  0.484  0.458  0.552  0.428  0.581  0.414
  0.621  0.399  0.699  0.376  0.801  0.347  0.893  0.320
  0.968  0.298  1.007  0.283  0.907  0.328
  -0.239  -0.225  -0.283  -0.203  -0.327  -0.168  -0.371  -0.142
  -0.388  -0.132  -0.423  -0.136  -0.459  -0.103  -0.445  -0.065
  -0.348  -0.019  -0.175  0.084  -0.073  0.159  -0.050  0.181
  -0.041  0.216  -0.021  0.274  0.025  0.332  0.082  0.395
  0.054  0.415  -0.009  0.404  -0.011  0.414  0.013  0.427
  -0.068  0.420  -0.202  0.412  -0.247  0.434  -0.215  0.474
  -0.163  0.520  -0.208  0.550  -0.307  0.572  -0.389  0.600
  -0.433  0.631  -0.378  0.667  -0.358  0.695  -0.319  0.727
  -0.295  0.765  -0.288  0.784  -0.250  0.756  -0.135  0.709
  -0.017  0.671  0.097  0.651  0.194  0.620  0.285  0.576
  0.364  0.540  0.435  0.502  0.506  0.473  0.553  0.457
  0.591  0.445  0.637  0.429  0.742  0.400  0.851  0.371
  0.937  0.346  1.009  0.323  0.885  0.372
  -0.189  -0.143  -0.204  -0.075  -0.223  -0.025  -0.239  -0.017
  -0.267  -0.023  -0.318  -0.021  -0.306  -0.003  -0.271  0.026
  -0.205  0.078  -0.136  0.131  -0.114  0.158  -0.039  0.199
  0.029  0.261  0.045  0.335  0.099  0.399  0.134  0.428
  0.098  0.437  0.068  0.452  0.062  0.466  0.037  0.466
  -0.032  0.459  -0.086  0.472  -0.097  0.499  -0.071  0.533
  -0.072  0.563  -0.127  0.587  -0.185  0.613  -0.263  0.637
  -0.330  0.662  -0.345  0.690  -0.345  0.713  -0.266  0.733
  -0.199  0.750  -0.166  0.759  -0.146  0.752  -0.080  0.723
  -0.030  0.688  0.043  0.673  0.144  0.645  0.236  0.607
  0.318  0.577  0.392  0.546  0.466  0.517  0.528  0.495
  0.562  0.484  0.598  0.473  0.686  0.449  0.804  0.418
  0.908  0.390  0.986  0.366  0.855  0.415
  -0.211  -0.073  -0.222  0.010  -0.185  0.054  -0.124  0.059
  -0.114  0.065  -0.138  0.073  -0.157  0.078  -0.129  0.111
  -0.025  0.181  0.022  0.219  0.016  0.228  0.049  0.268
  0.100  0.335  0.128  0.389  0.155  0.431  0.203  0.471
  0.242  0.514  0.219  0.535  0.169  0.520  0.109  0.506
  0.044  0.506  -0.001  0.520  -0.025  0.542  -0.036  0.567
  -0.056  0.592  -0.084  0.618  -0.130  0.645  -0.196  0.668
  -0.221  0.696  -0.246  0.720  -0.244  0.740  -0.175  0.756
  -0.118  0.763  -0.094  0.758  -0.079  0.742  -0.059  0.715
  -0.047  0.693  0.003  0.682  0.094  0.661  0.184  0.633
  0.268  0.609  0.348  0.583  0.428  0.557  0.498  0.532
  0.542  0.518  0.578  0.509  0.640  0.493  0.758  0.463
  0.875  0.431  0.952  0.410  0.816  0.458
  -0.243  -0.022  -0.217  0.034  -0.162  0.072  -0.090  0.099
  -0.055  0.119  -0.053  0.130  -0.030  0.158  0.048  0.218
  0.110  0.265  0.120  0.280  0.121  0.292  0.150  0.337
  0.194  0.408  0.220  0.456  0.243  0.501  0.275  0.547
  0.286  0.566  0.278  0.574  0.226  0.562  0.145  0.543
  0.098  0.551  0.065  0.570  0.028  0.587  -0.010  0.606
  -0.048  0.626  -0.077  0.651  -0.114  0.678  -0.158  0.702
  -0.187  0.727  -0.211  0.749  -0.193  0.769  -0.119  0.785
  -0.072  0.791  -0.060  0.787  -0.054  0.769  -0.048  0.740
  -0.042  0.718  -0.019  0.697  0.047  0.678  0.147  0.661
  0.234  0.639  0.316  0.617  0.398  0.594  0.476  0.570
  0.540  0.551  0.575  0.543  0.622  0.532  0.737  0.503
  0.859  0.472  0.935  0.452  0.796  0.499
