
Opened NEW file: g2.tlt

Opened NEW file: g2.xtilt

Opened NEW file: g2.xf

Opened OLD file: g2.rawtlt

                        Variable mappings 
 View  Rotation     Tilt  (+ incr.)      Mag       Comp      Dmag      Skew
   1   rot    1   tilt   1              fixed      fixed      fixed      fixed 
   2   rot    2   t  1+  4            mag    2     fixed      fixed      fixed 
   3   rot    3   t  1+  4            mag    3     fixed      fixed      fixed 
   4   rot    4   tilt   4            mag    4     fixed      fixed      fixed 
   5   rot    5   t  4+  7            mag    5     fixed      fixed      fixed 
   6   rot    6   t  4+  7            mag    6     fixed      fixed      fixed 
   7   rot    7   tilt   7            mag    7     fixed      fixed      fixed 
   8   rot    8   t  7+ 12            mag    8     fixed      fixed      fixed 
   9   rot    9   t  7+ 12            mag    9     fixed      fixed      fixed 
  10   rot   10   t  7+ 12            mag   10     fixed      fixed      fixed 
  11   rot   11   t  7+ 12            mag   11     fixed      fixed      fixed 
  12   rot   12   tilt  12            mag   12     fixed      fixed      fixed 
  13   rot   13   t 12+ 17            mag   13     fixed      fixed      fixed 
  14   rot   14   t 12+ 17            mag   14     fixed      fixed      fixed 
  15   rot   15   t 12+ 17            mag   15     fixed      fixed      fixed 
  16   rot   16   t 12+ 17            mag   16     fixed      fixed      fixed 
  17   rot   17   tilt  17            mag   17     fixed      fixed      fixed 
  18   rot   18   t 17+ 22            mag   18     fixed      fixed      fixed 
  19   rot   19   t 17+ 22            mag   19     fixed      fixed      fixed 
  20   rot   20   t 17+ 22            mag   20     fixed      fixed      fixed 
  21   rot   21   t 17+ 22            mag   21     fixed      fixed      fixed 
  22   rot   22   tilt  22            mag   22     fixed      fixed      fixed 
  23   rot   23   t 22+fix            mag   23     fixed      fixed      fixed 
  24   rot   24   t 22+fix            mag   24     fixed      fixed      fixed 
  25   rot   25   t 22+fix            mag   25     fixed      fixed      fixed 
  26   rot   26   t 22+fix            mag   26     fixed      fixed      fixed 
  27   rot   27   t 22+fix            mag   27     fixed      fixed      fixed 
  28   rot   28     fixed             mag   28     fixed      fixed      fixed 
  29   rot   29   t 34+fix            mag   29     fixed      fixed      fixed 
  30   rot   30   t 34+fix            mag   30     fixed      fixed      fixed 
  31   rot   31   t 34+fix            mag   31     fixed      fixed      fixed 
  32   rot   32   t 34+fix            mag   32     fixed      fixed      fixed 
  33   rot   33   t 34+fix            mag   33     fixed      fixed      fixed 
  34   rot   34   tilt  34            mag   34     fixed      fixed      fixed 
  35   rot   35   t 34+ 40            mag   35     fixed      fixed      fixed 
  36   rot   36   t 34+ 40            mag   36     fixed      fixed      fixed 
  37   rot   37   t 34+ 40            mag   37     fixed      fixed      fixed 
  38   rot   38   t 34+ 40            mag   38     fixed      fixed      fixed 
  39   rot   39   t 34+ 40            mag   39     fixed      fixed      fixed 
  40   rot   40   tilt  40            mag   40     fixed      fixed      fixed 
  41   rot   41   t 40+ 45            mag   41     fixed      fixed      fixed 
  42   rot   42   t 40+ 45            mag   42     fixed      fixed      fixed 
  43   rot   43   t 40+ 45            mag   43     fixed      fixed      fixed 
  44   rot   44   t 40+ 45            mag   44     fixed      fixed      fixed 
  45   rot   45   tilt  45            mag   45     fixed      fixed      fixed 
  46   rot   46   t 45+ 50            mag   46     fixed      fixed      fixed 
  47   rot   47   t 45+ 50            mag   47     fixed      fixed      fixed 
  48   rot   48   t 45+ 50            mag   48     fixed      fixed      fixed 
  49   rot   49   t 45+ 50            mag   49     fixed      fixed      fixed 
  50   rot   50   tilt  50            mag   50     fixed      fixed      fixed 
  51   rot   51   t 50+ 55            mag   51     fixed      fixed      fixed 
  52   rot   52   t 50+ 55            mag   52     fixed      fixed      fixed 
  53   rot   53   t 50+ 55            mag   53     fixed      fixed      fixed 
  54   rot   54   t 50+ 55            mag   54     fixed      fixed      fixed 
  55   rot   55   tilt  55            mag   55     fixed      fixed      fixed 
  56   rot   56   t 55+ 58            mag   56     fixed      fixed      fixed 
  57   rot   57   t 55+ 58            mag   57     fixed      fixed      fixed 
  58   rot   58   tilt  58            mag   58     fixed      fixed      fixed 
  59   rot   59   t 58+ 61            mag   59     fixed      fixed      fixed 
  60   rot   60   t 58+ 61            mag   60     fixed      fixed      fixed 
  61   rot   61   tilt  61            mag   61     fixed      fixed      fixed 


 Variable Metric minimization                  Initial F:         4.974692
                                               Cycle   10         0.972308
                                               Cycle   20         0.767271
                                               Cycle   30         0.738852
                                               Cycle   40         0.714778
                                               Cycle   50         0.708062
                                               Cycle   60         0.706723

 Number of cycles :    68                      Final   F :        0.706469
  61 views,  134 geometric variables,   70 3-D points,  3935 projection points
  Ratio of total measured values to all unknowns =  7870/ 461 =  17.07

 At minimum tilt, rotation angle is   78.30

 view   rotation    tilt    deltilt     mag      dmag      skew    resid-pixels
   1      78.0     -59.7      0.28    1.0000    0.0000      0.00      0.89
   2      78.0     -57.8      0.21    0.9982    0.0000      0.00      1.35
   3      78.0     -55.9      0.15    1.0009    0.0000      0.00      0.41
   4      78.0     -53.9      0.08    1.0007    0.0000      0.00      0.40
   5      78.0     -52.0      0.04    1.0007    0.0000      0.00      0.96
   6      78.1     -50.0      0.01    0.9998    0.0000      0.00      0.73
   7      78.1     -48.0     -0.03    1.0003    0.0000      0.00      0.42
   8      78.1     -46.0     -0.02    1.0011    0.0000      0.00      0.36
   9      78.1     -44.0     -0.02    1.0002    0.0000      0.00      0.41
  10      78.1     -42.0     -0.01    1.0026    0.0000      0.00      0.34
  11      78.1     -40.0     -0.01    1.0022    0.0000      0.00      0.36
  12      78.1     -38.0     -0.00    1.0005    0.0000      0.00      0.42
  13      78.1     -36.0     -0.00    1.0001    0.0000      0.00      0.39
  14      78.1     -34.0     -0.00    0.9998    0.0000      0.00      0.60
  15      78.1     -32.0     -0.01    0.9976    0.0000      0.00      0.41
  16      78.2     -30.0     -0.01    0.9955    0.0000      0.00      1.26
  17      78.2     -28.0     -0.01    0.9990    0.0000      0.00      0.86
  18      78.2     -26.0      0.01    0.9946    0.0000      0.00      0.39
  19      78.2     -24.0      0.02    0.9941    0.0000      0.00      0.40
  20      78.2     -22.0      0.04    0.9942    0.0000      0.00      0.38
  21      78.2     -19.9      0.05    0.9935    0.0000      0.00      0.40
  22      78.2     -17.9      0.07    0.9945    0.0000      0.00      0.36
  23      78.2     -15.9      0.06    0.9921    0.0000      0.00      0.38
  24      78.2     -14.0      0.05    0.9932    0.0000      0.00      0.36
  25      78.2     -12.0      0.04    0.9922    0.0000      0.00      0.47
  26      78.2     -10.0      0.02    0.9930    0.0000      0.00      0.56
  27      78.3      -8.0      0.01    0.9919    0.0000      0.00      0.40
  28      78.3      -6.0      0.00    0.9914    0.0000      0.00      0.37
  29      78.3      -4.0      0.01    0.9904    0.0000      0.00      0.37
  30      78.3      -2.0      0.02    0.9909    0.0000      0.00      0.35
  31      78.3       0.0      0.03    0.9938    0.0000      0.00      0.39
  32      78.3       2.0      0.05    0.9953    0.0000      0.00      0.36
  33      78.3       4.1      0.06    0.9966    0.0000      0.00      0.65
  34      78.3       6.1      0.07    0.9971    0.0000      0.00      0.35
  35      78.3       8.0      0.04    0.9962    0.0000      0.00      0.42
  36      78.4      10.0      0.01    0.9970    0.0000      0.00      0.42
  37      78.4      12.0     -0.02    0.9994    0.0000      0.00      0.59
  38      78.4      13.9     -0.06    0.9979    0.0000      0.00      0.35
  39      78.4      15.9     -0.09    0.9988    0.0000      0.00      0.46
  40      78.4      17.9     -0.12    1.0006    0.0000      0.00      0.44
  41      78.4      19.9     -0.06    1.0001    0.0000      0.00      0.48
  42      78.4      22.0     -0.00    1.0023    0.0000      0.00      0.57
  43      78.4      24.1      0.05    1.0044    0.0000      0.00      0.70
  44      78.4      26.1      0.11    1.0058    0.0000      0.00      0.97
  45      78.4      28.2      0.17    1.0089    0.0000      0.00      0.36
  46      78.5      30.1      0.11    1.0113    0.0000      0.00      0.35
  47      78.5      32.0      0.05    1.0113    0.0000      0.00      0.43
  48      78.5      34.0     -0.01    1.0134    0.0000      0.00      0.62
  49      78.5      35.9     -0.07    1.0129    0.0000      0.00      0.41
  50      78.5      37.9     -0.13    1.0120    0.0000      0.00      1.06
  51      78.5      39.9     -0.08    1.0132    0.0000      0.00      0.84
  52      78.5      42.0     -0.04    1.0126    0.0000      0.00      0.69
  53      78.5      44.0      0.01    1.0165    0.0000      0.00      0.94
  54      78.5      46.1      0.05    1.0149    0.0000      0.00      0.36
  55      78.5      48.1      0.10    1.0164    0.0000      0.00      1.02
  56      78.5      50.1      0.06    1.0148    0.0000      0.00      1.46
  57      78.6      52.0      0.03    1.0152    0.0000      0.00      1.05
  58      78.6      54.0     -0.01    1.0175    0.0000      0.00      0.41
  59      78.6      56.0     -0.02    1.0189    0.0000      0.00      1.25
  60      78.6      58.0     -0.03    1.0162    0.0000      0.00      0.41
  61      78.6      60.0     -0.05    1.0139    0.0000      0.00      0.61


                     3-D point coordinates (with centroid zero)
   #       X         Y         Z      obj  cont  resid-pixels
   1     42.11   -113.52    -55.20      1    1      0.4267
   2   -493.92   -361.52    -50.26      1    2      0.4956
   3   -453.92   -151.71     63.09      1    3      0.5956
   4    801.82   -346.05    -55.57      1    4      0.8170
   5    552.25   -713.41    -61.92      1    5      0.7149
   6    298.27   -448.95    -58.94      1    6      0.5137
   7    712.67     24.87     56.38      1    7      0.6435
   8   -790.57    764.72    -58.25      1    8      0.8141
   9     16.36   -212.39     64.07      1    9      0.4275
  10   -225.35    604.87     64.26      1   10      0.4410
  11    518.30   -724.63    -56.32      1   11      0.6722
  12   -261.10    419.49    -61.38      1   12      0.4719
  13   -813.96   -719.37     65.87      1   13      0.8493
  14   -186.84   -780.83     64.11      1   14      0.6039
  15   -592.71    521.73    -58.28      1   15      0.6255
  16   -797.35    591.90     55.44      1   16      0.7706
  17   -814.07    153.73    -51.39      1   17      0.6367
  18     77.56    327.33    -59.74      1   18      0.4139
  19   -424.20     76.76     55.18      1   19      0.5337
  20   -649.79   -536.63     64.43      1   20      0.7162
  21    513.56   -229.60    -57.25      1   21      0.5867
  22    745.00   -132.12     57.89      1   22      0.7276
  23    496.35   -694.45     60.96      1   23      0.5761
  24   -712.49   -290.73     64.43      1   24      0.6928
  25     95.53    727.50     62.23      2    1      0.4959
  26    353.11   -875.99    -57.96      2    2      0.6672
  27   -378.53    253.93    -61.86      2    3      0.5315
  28   -450.94   -862.02    -58.78      2    4      0.5931
  29    344.16   -354.95     65.63      2    5      0.5097
  30    457.61    683.86    -57.99      2    6      0.4977
  31    338.86   -304.62    -59.11      2    7      0.5158
  32   -340.13    687.55     68.41      2    8      0.6079
  33    275.25    729.46     58.48      2    9      0.5084
  34    511.49    495.52     68.59      2   10      0.5690
  35   -173.67    -67.24    -63.25      2   11      0.3436
  36   -394.96   -516.19    -62.79      2   12      0.4862
  37   -658.85   -727.82     62.70      2   13      0.7698
  38   -108.05    212.48     61.28      2   14      0.3961
  39   -504.26    541.98     58.81      2   15      0.6443
  40   -176.58    430.53     60.19      2   16      0.4969
  41    686.36    211.72    -56.65      2   17      0.5936
  42    562.58   -196.14     58.13      2   18      0.5846
  43    758.50    747.54    -52.24      2   19      0.7644
  44   -169.82   -492.87    -54.65      2   20      0.4355
  45    622.40   -366.31     63.74      2   21      0.6166
  46    706.08    570.71    -54.26      2   22      0.7885
  47      8.33    454.54    -58.77      2   23      0.5107
  48    186.70   -256.16    -61.72      3    1      0.4407
  49   -495.44   -303.58     59.05      3    2      0.5318
  50    -18.81    714.27    -54.34      3    3      0.5223
  51   -272.75   -484.91     64.41      3    4      0.5369
  52   -200.30   -118.28    -57.79      3    5      0.4665
  53    180.73   -522.45    -58.30      3    6      0.5116
  54   -174.01     44.39     68.31      3    7      0.4444
  55    589.10    427.02     58.60      3    8      0.6494
  56   -218.07   -365.73     66.27      3    9      0.4950
  57   -506.49    583.51    -64.18      3   10      0.5829
  58    -30.00    684.45    -62.12      3   11      0.5210
  59    331.20    633.28     52.02      3   12      0.5405
  60    697.41    222.30     66.86      3   13      0.5683
  61     48.93    760.49    -59.92      3   14      0.6251
  62    339.40    161.27     64.14      3   15      0.4755
  63     61.24   -886.40     65.99      3   16      0.5242
  64   -383.99   -416.15     58.54      3   17      0.5408
  65    637.32    -84.87     53.81      3   18      0.6158
  66    247.23    553.87    -57.35      3   19      0.5264
  67    369.26   -813.87    -55.34      3   20      0.5622
  68   -418.61    339.65    -63.54      3   21      0.4999
  69   -671.66   -182.82    -56.06      3   22      0.6141
  70   -220.86    298.08    -68.81      3   23      0.4521

 Midpoint of Z range relative to centroid in Z:   -0.11

Opened NEW file: g2.resid

Opened NEW file: g2.zfac

 Residual error mean and sd:     0.572   0.415 pixels    (Global)

         Projection points with large residuals (in pixels)
 obj  cont  view   index coordinates      residuals        # of
   #     #     #      X         Y        X        Y        S.D.
   1    13    56   1555.69    439.55    -1.68    -2.77     6.44
   2    22    56    447.29   1572.91     1.65     2.70     6.25
   1    13    59   1586.36    489.58     1.58     2.41     5.58
   1    16    56    249.94    706.44     0.42    -2.81     5.47
   2    19    56    278.57   1643.95     1.60     2.29     5.34
   1     8     2    118.90    825.81     0.31    -2.64     5.02
   1     8    59     88.26    699.10    -0.67     2.52     4.91
   1     4     1   1364.88   1422.33    -0.34    -2.43     4.53
   2    22    50    465.48   1680.32     0.97     2.23     4.49
   2    13    56   1583.35    533.70    -1.36    -2.01     4.47
   2    19    57    276.03   1612.20     1.90     1.50     4.45
   1    16    57    256.87    716.68     0.22    -2.38     4.39
   1    22     2   1144.14   1338.37     0.07     2.38     4.36
   1     4    56   1372.50   1448.69     0.44     2.33     4.33
   2    13     2   1571.20    484.66    -1.16    -2.06     4.31
   1    22    56   1169.99   1542.07     0.35     2.30     4.23
   1    20    56   1394.60    579.22    -1.33    -1.91     4.23
   1     5    59   1714.18   1153.06     0.59    -2.25     4.22
   1     4    50   1390.37   1569.48     0.33     2.25     4.11
   2    13    59   1612.18    572.41     1.17     1.93     4.06
   1    13     2   1545.54    402.72    -1.43    -1.73     4.03
   3    13    16    848.17   1642.83     0.72     2.10     3.96
   2    22    59    452.12   1503.93    -1.23    -1.84     3.95
   2    13    55   1574.24    513.14     0.92     2.01     3.94
   1     7     2    987.41   1355.49     0.19     2.20     3.93
   1    24     2   1137.86    545.82    -0.87    -2.01     3.91
   1    22    59   1176.29   1477.07    -0.30    -2.14     3.83
   1    24    56   1141.57    588.74    -0.99    -1.92     3.82
   1    17     2    712.25    680.83    -0.20    -2.13     3.79
   1     5    56   1705.83   1210.83    -0.78     1.98     3.76
   2     8    56    215.43   1026.60     0.93    -1.89     3.71
   1     4    59   1377.29   1371.71    -0.19    -2.10     3.71
   2    19    55    280.13   1672.53    -0.96    -1.87     3.70
   2     2    44   1888.91   1163.06    -1.46     1.49     3.65
   1    15     2    378.72    877.91    -0.36    -2.05     3.65
   2    22     2    471.98   1557.11     1.26     1.64     3.62
   2    19    53    320.64   1676.49    -1.46    -1.47     3.62
   3     8    16    630.40   1597.46     0.72     1.93     3.60
   1    20    55   1385.29    559.19     0.89     1.86     3.58
   2    21     2   1358.59   1221.54    -0.27     2.04     3.58
   1    22    16   1202.79   1615.12     0.74     1.92     3.57
   1    24    53   1155.16    489.95     0.75     1.90     3.54
   2    13    44   1570.25    352.87    -1.35    -1.53     3.54
   2    19     2    305.04   1619.22     0.97     1.78     3.51
   1     4    53   1414.74   1484.62    -0.34    -2.00     3.50
   1    16    51    242.18    609.38    -0.91     1.80     3.47
   3    10     2    328.04    940.33     0.53    -1.92     3.43
   2    19    59    281.36   1570.52    -0.81    -1.81     3.40
   3    18    16   1138.20   1535.96     0.65     1.87     3.39
   1    13    50   1519.76    307.02    -1.16    -1.60     3.38
   3    22     2   1058.23    688.68    -0.98    -1.71     3.38
   1     4     2   1379.19   1417.77     0.08     1.97     3.38
   1    24    59   1170.05    632.24     0.99     1.70     3.36
   1    20    59   1422.56    617.80     1.15     1.59     3.35
   1     7    57   1007.97   1523.43     0.60     1.87     3.35
   2     2    56   1842.52   1054.20    -0.92     1.73     3.34
   1     4    55   1373.62   1478.25     0.33    -1.93     3.34
   3    18     2   1086.40   1295.97     0.48     1.89     3.32
   1    13    53   1567.30    331.85     1.04     1.63     3.28
   1     8     5    124.76    778.63    -0.23     1.92     3.28
   2    10     2    502.75   1338.68     0.90     1.70     3.26
   1    16    59    278.42    755.18     0.01     1.92     3.24
   1    16    16    224.50    466.52     1.02    -1.62     3.24
   2     4    16   1716.80    516.33    -1.82    -0.55     3.21
   1     4    52   1386.51   1533.11     0.00     1.89     3.17
   3    22    16   1014.74    468.69    -0.80    -1.70     3.14
   1    17    16    660.67    415.17    -0.29    -1.84     3.12
   1     5    16   1749.51   1392.96    -1.52     1.08     3.11
   3    18     1   1072.82   1302.44    -0.64    -1.75     3.11
   1    11    59   1722.31   1135.91     0.78    -1.69     3.10
   3     8     2    579.92   1373.24     0.93     1.60     3.09
   1     8    16     69.04    562.93     0.93    -1.61     3.09
   1    13    57   1562.78    449.51    -1.32    -1.29     3.07
   1     7     1    972.72   1360.29    -0.44    -1.79     3.06
   2    21    16   1409.17   1461.09     0.23     1.82     3.05
   3    12    16    383.73   1426.08     1.49     1.06     3.04
   3    12    57    353.56   1410.11     1.66     0.76     3.03
   2    18    16   1233.53   1448.12     0.07     1.82     3.02
   1     8    17     85.54    563.01    -0.50     1.75     3.00

Opened NEW file: g2fid.xyz

 SURFACE ANALYSIS:

 The following parameters are appropriate if fiducials are NOT on two surfaces:

 Fit of one plane to all fiducials:
 # of points =               70
 Mean residual =          59.72
 Adjusted slope =       -0.0044
 X axis tilt needed =      0.50
 Incremental tilt angle change =   0.25
 Total tilt angle change =         0.25
 
 The following parameters are appropriate if fiducials ARE on two surfaces,
 based on fit of two parallel planes to fiducials sorted onto two surfaces:

 On bottom surface:
 # of points =           36
 Mean residual =       2.97
 Z axis intercept =   -58.4

 On top surface:
 # of points =           34
 Mean residual =       3.51
 Z axis intercept =    61.8

 Overall mean residual =           3.23
 Thickness at Z intercepts =      120.1
 Adjusted slope =               -0.0000
 X axis tilt needed =              0.08
 Incremental tilt angle change =   0.00
 Total tilt angle change =         0.00
 
 Unbinned thickness needed to contain centers of all fiducials =         138
 Incremental unbinned shift needed to center range of fiducials in Z =     0.5
 Total unbinned shift needed to center range of fiducials in Z =           0.5


Opened NEW file: g2local.xf
Extent of fiducials is  1616 and  1651 pixels in X and Y
Doing  4 by  4 local areas, minimum size  650 x  664

                        Variable mappings for lower left local area
 View  Rotation     Tilt  (+ incr.)      Mag       Comp      Dmag      Skew
   1   rot    1   tilt   1            mag    1     fixed      fixed      fixed 
   2   r  1+  7   t  1+  4            m  1+  7     fixed      fixed      fixed 
   3   r  1+  7   t  1+  4            m  1+  7     fixed      fixed      fixed 
   4   r  1+  7   tilt   4            m  1+  7     fixed      fixed      fixed 
   5   r  1+  7   t  4+  9            m  1+  7     fixed      fixed      fixed 
   6   r  1+  7   t  4+  9            m  1+  7     fixed      fixed      fixed 
   7   rot    7   t  4+  9            mag    7     fixed      fixed      fixed 
   8   r  7+ 13   t  4+  9            m  7+ 14     fixed      fixed      fixed 
   9   r  7+ 13   tilt   9            m  7+ 14     fixed      fixed      fixed 
  10   r  7+ 13   t  9+ 14            m  7+ 14     fixed      fixed      fixed 
  11   r  7+ 13   t  9+ 14            m  7+ 14     fixed      fixed      fixed 
  12   r  7+ 13   t  9+ 14            m  7+ 14     fixed      fixed      fixed 
  13   rot   13   t  9+ 14            m  7+ 14     fixed      fixed      fixed 
  14   r 13+ 19   tilt  14            mag   14     fixed      fixed      fixed 
  15   r 13+ 19   t 14+ 21            m 14+ 21     fixed      fixed      fixed 
  16   r 13+ 19   t 14+ 21            m 14+ 21     fixed      fixed      fixed 
  17   r 13+ 19   t 14+ 21            m 14+ 21     fixed      fixed      fixed 
  18   r 13+ 19   t 14+ 21            m 14+ 21     fixed      fixed      fixed 
  19   rot   19   t 14+ 21            m 14+ 21     fixed      fixed      fixed 
  20   r 19+ 25   t 14+ 21            m 14+ 21     fixed      fixed      fixed 
  21   r 19+ 25   tilt  21            mag   21     fixed      fixed      fixed 
  22   r 19+ 25   t 21+ 28            m 21+ 28     fixed      fixed      fixed 
  23   r 19+ 25   t 21+ 28            m 21+ 28     fixed      fixed      fixed 
  24   r 19+ 25   t 21+ 28            m 21+ 28     fixed      fixed      fixed 
  25   rot   25   t 21+ 28            m 21+ 28     fixed      fixed      fixed 
  26   r 25+ 31   t 21+ 28            m 21+ 28     fixed      fixed      fixed 
  27   r 25+ 31   t 21+ 28            m 21+ 28     fixed      fixed      fixed 
  28   r 25+ 31   tilt  28            mag   28     fixed      fixed      fixed 
  29   r 25+ 31   t 28+ 35            m 28+ 34     fixed      fixed      fixed 
  30   r 25+ 31   t 28+ 35            m 28+ 34     fixed      fixed      fixed 
  31   rot   31   t 28+ 35            m 28+ 34     fixed      fixed      fixed 
  32   r 31+ 37   t 28+ 35            m 28+ 34     fixed      fixed      fixed 
  33   r 31+ 37   t 28+ 35            m 28+ 34     fixed      fixed      fixed 
  34   r 31+ 37   t 28+ 35            mag   34     fixed      fixed      fixed 
  35   r 31+ 37   tilt  35            m 34+ 41     fixed      fixed      fixed 
  36   r 31+ 37   t 35+ 41            m 34+ 41     fixed      fixed      fixed 
  37   rot   37   t 35+ 41            m 34+ 41     fixed      fixed      fixed 
  38   r 37+ 43   t 35+ 41            m 34+ 41     fixed      fixed      fixed 
  39   r 37+ 43   t 35+ 41            m 34+ 41     fixed      fixed      fixed 
  40   r 37+ 43   t 35+ 41            m 34+ 41     fixed      fixed      fixed 
  41   r 37+ 43   tilt  41            mag   41     fixed      fixed      fixed 
  42   r 37+ 43   t 41+ 48            m 41+ 48     fixed      fixed      fixed 
  43   rot   43   t 41+ 48            m 41+ 48     fixed      fixed      fixed 
  44   r 43+ 49   t 41+ 48            m 41+ 48     fixed      fixed      fixed 
  45   r 43+ 49   t 41+ 48            m 41+ 48     fixed      fixed      fixed 
  46   r 43+ 49   t 41+ 48            m 41+ 48     fixed      fixed      fixed 
  47   r 43+ 49   t 41+ 48            m 41+ 48     fixed      fixed      fixed 
  48   r 43+ 49   tilt  48            mag   48     fixed      fixed      fixed 
  49   rot   49   t 48+ 53            m 48+ 55     fixed      fixed      fixed 
  50   r 49+ 55   t 48+ 53            m 48+ 55     fixed      fixed      fixed 
  51   r 49+ 55   t 48+ 53            m 48+ 55     fixed      fixed      fixed 
  52   r 49+ 55   t 48+ 53            m 48+ 55     fixed      fixed      fixed 
  53   r 49+ 55   tilt  53            m 48+ 55     fixed      fixed      fixed 
  54   r 49+ 55   t 53+ 58            m 48+ 55     fixed      fixed      fixed 
  55   rot   55   t 53+ 58            mag   55     fixed      fixed      fixed 
  56   r 55+ 61   t 53+ 58            m 55+ 61     fixed      fixed      fixed 
  57   r 55+ 61   t 53+ 58            m 55+ 61     fixed      fixed      fixed 
  58   r 55+ 61   tilt  58            m 55+ 61     fixed      fixed      fixed 
  59   r 55+ 61   t 58+ 61            m 55+ 61     fixed      fixed      fixed 
  60   r 55+ 61   t 58+ 61            m 55+ 61     fixed      fixed      fixed 
  61   rot   61   tilt  61            mag   61     fixed      fixed      fixed 


 Doing local area  1  1, centered on  526  542, size  650  664,  12 fiducials
    (  3 on bottom and  9 on top)

 Number of cycles :    15                      Final   F :        0.478036
  61 views,   33 geometric variables,   12 3-D points,   680 projection points
  Ratio of total measured values to all unknowns =  1360/ 153 =   8.89

 view   rotation    tilt    deltilt     mag      dmag      skew    resid-pixels
   1      78.0     -59.8      0.22    1.0000    0.0000      0.00      0.53
   2      78.0     -57.8      0.19    0.9982    0.0000      0.00      0.74
   3      78.0     -55.8      0.17    1.0008    0.0000      0.00      0.36
   4      78.0     -53.9      0.14    1.0005    0.0000      0.00      0.33
   5      78.0     -51.9      0.09    1.0005    0.0000      0.00      0.47
   6      78.1     -50.0      0.03    0.9995    0.0000      0.00      0.37
   7      78.1     -48.0     -0.02    0.9999    0.0000      0.00      0.39
   8      78.1     -46.0     -0.03    1.0008    0.0000      0.00      0.32
   9      78.1     -44.0     -0.05    0.9999    0.0000      0.00      0.32
  10      78.1     -42.0     -0.02    1.0024    0.0000      0.00      0.34
  11      78.1     -40.0      0.00    1.0021    0.0000      0.00      0.32
  12      78.1     -38.0      0.02    1.0003    0.0000      0.00      0.41
  13      78.1     -36.0      0.04    1.0000    0.0000      0.00      0.32
  14      78.1     -33.9      0.06    0.9997    0.0000      0.00      0.38
  15      78.1     -32.0      0.04    0.9976    0.0000      0.00      0.41
  16      78.2     -30.0      0.03    0.9954    0.0000      0.00      0.62
  17      78.2     -28.0      0.01    0.9990    0.0000      0.00      0.30
  18      78.2     -26.0      0.01    0.9945    0.0000      0.00      0.37
  19      78.2     -24.0      0.01    0.9940    0.0000      0.00      0.32
  20      78.2     -22.0      0.01    0.9941    0.0000      0.00      0.41
  21      78.2     -20.0      0.00    0.9934    0.0000      0.00      0.44
  22      78.2     -18.0      0.03    0.9945    0.0000      0.00      0.27
  23      78.2     -16.0      0.02    0.9921    0.0000      0.00      0.30
  24      78.2     -14.0      0.02    0.9932    0.0000      0.00      0.36
  25      78.2     -12.0      0.02    0.9923    0.0000      0.00      0.32
  26      78.3     -10.0      0.01    0.9931    0.0000      0.00      0.53
  27      78.3      -8.0      0.01    0.9921    0.0000      0.00      0.43
  28      78.3      -6.0      0.01    0.9916    0.0000      0.00      0.26
  29      78.3      -4.0      0.02    0.9905    0.0000      0.00      0.32
  30      78.3      -2.0      0.04    0.9910    0.0000      0.00      0.29
  31      78.3       0.1      0.05    0.9939    0.0000      0.00      0.48
  32      78.3       2.1      0.07    0.9954    0.0000      0.00      0.41
  33      78.3       4.1      0.08    0.9967    0.0000      0.00      0.52
  34      78.3       6.1      0.10    0.9971    0.0000      0.00      0.24
  35      78.3       8.1      0.07    0.9963    0.0000      0.00      0.51
  36      78.3      10.0      0.03    0.9970    0.0000      0.00      0.40
  37      78.4      12.0     -0.00    0.9994    0.0000      0.00      0.56
  38      78.4      14.0     -0.04    0.9979    0.0000      0.00      0.38
  39      78.4      15.9     -0.08    0.9987    0.0000      0.00      0.41
  40      78.4      17.9     -0.12    1.0006    0.0000      0.00      0.47
  41      78.4      19.9     -0.07    1.0000    0.0000      0.00      0.36
  42      78.4      22.0     -0.01    1.0022    0.0000      0.00      0.35
  43      78.4      24.0      0.05    1.0043    0.0000      0.00      0.51
  44      78.4      26.1      0.10    1.0057    0.0000      0.00      0.57
  45      78.4      28.2      0.16    1.0088    0.0000      0.00      0.31
  46      78.5      30.1      0.10    1.0111    0.0000      0.00      0.24
  47      78.5      32.0      0.05    1.0111    0.0000      0.00      0.35
  48      78.5      34.0     -0.01    1.0132    0.0000      0.00      0.34
  49      78.5      35.9     -0.07    1.0128    0.0000      0.00      0.32
  50      78.5      37.9     -0.14    1.0119    0.0000      0.00      0.56
  51      78.5      39.9     -0.09    1.0132    0.0000      0.00      0.44
  52      78.5      41.9     -0.05    1.0126    0.0000      0.00      0.42
  53      78.5      44.0     -0.01    1.0165    0.0000      0.00      0.56
  54      78.5      46.0      0.04    1.0150    0.0000      0.00      0.37
  55      78.5      48.1      0.09    1.0166    0.0000      0.00      0.57
  56      78.5      50.1      0.06    1.0149    0.0000      0.00      0.82
  57      78.6      52.0      0.02    1.0154    0.0000      0.00      0.51
  58      78.6      54.0     -0.01    1.0177    0.0000      0.00      0.42
  59      78.6      56.0     -0.01    1.0191    0.0000      0.00      0.68
  60      78.6      58.0     -0.02    1.0164    0.0000      0.00      0.41
  61      78.6      60.0     -0.02    1.0141    0.0000      0.00      0.43


 Residual error mean and sd:     0.416   0.236 pixels    (Local area   1   1)

         Projection points with large residuals (in pixels)
 obj  cont  view   index coordinates      residuals        # of
   #     #     #      X         Y        X        Y        S.D.
   1    13    56   1555.69    439.55    -0.61    -1.58     5.41
   1    13    59   1586.36    489.58     0.67     1.29     4.42
   2    13     2   1571.20    484.66    -0.31    -1.16     3.34
   1    24     1   1129.34    581.72     0.26     1.13     3.14
   1     2    33   1184.31    489.71    -0.61    -0.98     3.12

 Doing local area  2  1, centered on  852  542, size  650  664,   9 fiducials
    (  4 on bottom and  5 on top)

 Number of cycles :    21                      Final   F :        0.441196
  61 views,   33 geometric variables,    9 3-D points,   508 projection points
  Ratio of total measured values to all unknowns =  1016/ 153 =   6.64

 view   rotation    tilt    deltilt     mag      dmag      skew    resid-pixels
   1      78.0     -59.8      0.20    0.9998    0.0000      0.00      0.34
   2      78.0     -57.8      0.18    0.9981    0.0000      0.00      0.44
   3      78.0     -55.8      0.16    1.0008    0.0000      0.00      0.38
   4      78.0     -53.9      0.14    1.0006    0.0000      0.00      0.38
   5      78.0     -51.9      0.09    1.0006    0.0000      0.00      0.45
   6      78.0     -50.0      0.04    0.9998    0.0000      0.00      0.42
   7      78.1     -48.0     -0.02    1.0002    0.0000      0.00      0.41
   8      78.1     -46.0     -0.03    1.0010    0.0000      0.00      0.32
   9      78.1     -44.0     -0.04    1.0001    0.0000      0.00      0.34
  10      78.1     -42.0     -0.02    1.0025    0.0000      0.00      0.34
  11      78.1     -40.0     -0.01    1.0021    0.0000      0.00      0.32
  12      78.1     -38.0      0.01    1.0003    0.0000      0.00      0.39
  13      78.1     -36.0      0.02    0.9999    0.0000      0.00      0.30
  14      78.1     -34.0      0.03    0.9996    0.0000      0.00      0.34
  15      78.1     -32.0      0.02    0.9975    0.0000      0.00      0.45
  16      78.2     -30.0      0.01    0.9953    0.0000      0.00      0.64
  17      78.2     -28.0      0.01    0.9989    0.0000      0.00      0.35
  18      78.2     -26.0      0.02    0.9944    0.0000      0.00      0.32
  19      78.2     -24.0      0.02    0.9939    0.0000      0.00      0.31
  20      78.2     -22.0      0.03    0.9940    0.0000      0.00      0.36
  21      78.2     -20.0      0.04    0.9934    0.0000      0.00      0.43
  22      78.2     -17.9      0.07    0.9944    0.0000      0.00      0.30
  23      78.2     -15.9      0.06    0.9920    0.0000      0.00      0.40
  24      78.2     -13.9      0.06    0.9931    0.0000      0.00      0.28
  25      78.2     -11.9      0.06    0.9922    0.0000      0.00      0.35
  26      78.2      -9.9      0.05    0.9930    0.0000      0.00      0.43
  27      78.3      -8.0      0.05    0.9919    0.0000      0.00      0.46
  28      78.3      -6.0      0.05    0.9914    0.0000      0.00      0.30
  29      78.3      -4.0      0.05    0.9904    0.0000      0.00      0.38
  30      78.3      -2.0      0.05    0.9909    0.0000      0.00      0.30
  31      78.3       0.0      0.05    0.9939    0.0000      0.00      0.51
  32      78.3       2.0      0.05    0.9954    0.0000      0.00      0.22
  33      78.3       4.0      0.05    0.9967    0.0000      0.00      0.63
  34      78.3       6.0      0.05    0.9972    0.0000      0.00      0.26
  35      78.3       8.0      0.01    0.9963    0.0000      0.00      0.46
  36      78.3      10.0     -0.01    0.9970    0.0000      0.00      0.44
  37      78.4      12.0     -0.03    0.9994    0.0000      0.00      0.39
  38      78.4      13.9     -0.06    0.9979    0.0000      0.00      0.36
  39      78.4      15.9     -0.08    0.9987    0.0000      0.00      0.40
  40      78.4      17.9     -0.10    1.0005    0.0000      0.00      0.39
  41      78.4      20.0     -0.03    1.0000    0.0000      0.00      0.30
  42      78.4      22.0      0.02    1.0022    0.0000      0.00      0.39
  43      78.4      24.1      0.06    1.0043    0.0000      0.00      0.44
  44      78.4      26.1      0.11    1.0057    0.0000      0.00      0.52
  45      78.5      28.2      0.16    1.0088    0.0000      0.00      0.27
  46      78.5      30.1      0.09    1.0112    0.0000      0.00      0.32
  47      78.5      32.0      0.02    1.0113    0.0000      0.00      0.34
  48      78.5      34.0     -0.05    1.0134    0.0000      0.00      0.47
  49      78.5      35.9     -0.11    1.0129    0.0000      0.00      0.38
  50      78.5      37.8     -0.17    1.0120    0.0000      0.00      0.47
  51      78.5      39.9     -0.12    1.0132    0.0000      0.00      0.54
  52      78.5      41.9     -0.08    1.0126    0.0000      0.00      0.50
  53      78.5      44.0     -0.03    1.0165    0.0000      0.00      0.39
  54      78.5      46.0      0.03    1.0150    0.0000      0.00      0.28
  55      78.6      48.1      0.09    1.0165    0.0000      0.00      0.47
  56      78.5      50.1      0.07    1.0149    0.0000      0.00      0.56
  57      78.6      52.1      0.05    1.0153    0.0000      0.00      0.37
  58      78.6      54.0      0.03    1.0176    0.0000      0.00      0.28
  59      78.6      56.0      0.01    1.0191    0.0000      0.00      0.43
  60      78.6      58.0     -0.02    1.0164    0.0000      0.00      0.45
  61      78.6      60.0     -0.04    1.0142    0.0000      0.00      0.39


 Residual error mean and sd:     0.390   0.207 pixels    (Local area   2   1)

         Projection points with large residuals (in pixels)
 obj  cont  view   index coordinates      residuals        # of
   #     #     #      X         Y        X        Y        S.D.
   3    16     2   1804.76    820.76    -0.17     1.01     3.07

 Doing local area  3  1, centered on 1178  542, size  690  704,  12 fiducials
    (  7 on bottom and  5 on top)

 Number of cycles :    17                      Final   F :        0.491089
  61 views,   33 geometric variables,   12 3-D points,   656 projection points
  Ratio of total measured values to all unknowns =  1312/ 153 =   8.58

 view   rotation    tilt    deltilt     mag      dmag      skew    resid-pixels
   1      78.0     -59.7      0.27    0.9998    0.0000      0.00      0.47
   2      78.0     -57.8      0.21    0.9981    0.0000      0.00      0.72
   3      78.0     -55.8      0.15    1.0008    0.0000      0.00      0.34
   4      78.0     -53.9      0.09    1.0007    0.0000      0.00      0.52
   5      78.0     -52.0      0.05    1.0007    0.0000      0.00      0.50
   6      78.0     -50.0      0.00    0.9999    0.0000      0.00      0.52
   7      78.1     -48.0     -0.04    1.0004    0.0000      0.00      0.40
   8      78.1     -46.0     -0.04    1.0011    0.0000      0.00      0.31
   9      78.1     -44.0     -0.05    1.0002    0.0000      0.00      0.40
  10      78.1     -42.0     -0.04    1.0025    0.0000      0.00      0.27
  11      78.1     -40.0     -0.03    1.0022    0.0000      0.00      0.32
  12      78.1     -38.0     -0.03    1.0003    0.0000      0.00      0.45
  13      78.1     -36.0     -0.03    0.9999    0.0000      0.00      0.33
  14      78.1     -34.0     -0.02    0.9995    0.0000      0.00      0.46
  15      78.1     -32.0     -0.02    0.9974    0.0000      0.00      0.43
  16      78.2     -30.0     -0.01    0.9953    0.0000      0.00      0.60
  17      78.2     -28.0     -0.01    0.9989    0.0000      0.00      0.42
  18      78.2     -26.0      0.02    0.9945    0.0000      0.00      0.40
  19      78.2     -24.0      0.04    0.9940    0.0000      0.00      0.31
  20      78.2     -21.9      0.06    0.9941    0.0000      0.00      0.31
  21      78.2     -19.9      0.09    0.9935    0.0000      0.00      0.39
  22      78.2     -17.9      0.10    0.9945    0.0000      0.00      0.44
  23      78.2     -15.9      0.09    0.9921    0.0000      0.00      0.36
  24      78.2     -13.9      0.08    0.9932    0.0000      0.00      0.33
  25      78.3     -11.9      0.07    0.9923    0.0000      0.00      0.47
  26      78.3      -9.9      0.06    0.9931    0.0000      0.00      0.46
  27      78.3      -8.0      0.04    0.9920    0.0000      0.00      0.33
  28      78.3      -6.0      0.03    0.9915    0.0000      0.00      0.31
  29      78.3      -4.0      0.04    0.9905    0.0000      0.00      0.42
  30      78.3      -2.0      0.05    0.9910    0.0000      0.00      0.37
  31      78.3       0.1      0.05    0.9938    0.0000      0.00      0.36
  32      78.3       2.1      0.06    0.9954    0.0000      0.00      0.28
  33      78.3       4.1      0.07    0.9966    0.0000      0.00      0.71
  34      78.3       6.1      0.07    0.9971    0.0000      0.00      0.30
  35      78.3       8.0      0.04    0.9962    0.0000      0.00      0.32
  36      78.3      10.0      0.01    0.9970    0.0000      0.00      0.30
  37      78.4      12.0     -0.01    0.9994    0.0000      0.00      0.52
  38      78.4      14.0     -0.04    0.9979    0.0000      0.00      0.30
  39      78.4      15.9     -0.06    0.9988    0.0000      0.00      0.37
  40      78.4      17.9     -0.08    1.0007    0.0000      0.00      0.33
  41      78.4      20.0     -0.02    1.0002    0.0000      0.00      0.38
  42      78.4      22.0      0.03    1.0024    0.0000      0.00      0.42
  43      78.4      24.1      0.08    1.0045    0.0000      0.00      0.49
  44      78.4      26.1      0.12    1.0059    0.0000      0.00      0.63
  45      78.4      28.2      0.17    1.0090    0.0000      0.00      0.39
  46      78.5      30.1      0.10    1.0114    0.0000      0.00      0.34
  47      78.5      32.0      0.04    1.0115    0.0000      0.00      0.33
  48      78.5      34.0     -0.03    1.0136    0.0000      0.00      0.48
  49      78.5      35.9     -0.09    1.0131    0.0000      0.00      0.32
  50      78.5      37.9     -0.14    1.0121    0.0000      0.00      0.70
  51      78.5      39.9     -0.09    1.0133    0.0000      0.00      0.50
  52      78.5      42.0     -0.05    1.0126    0.0000      0.00      0.49
  53      78.5      44.0      0.00    1.0165    0.0000      0.00      0.43
  54      78.5      46.1      0.05    1.0149    0.0000      0.00      0.30
  55      78.5      48.1      0.10    1.0163    0.0000      0.00      0.78
  56      78.5      50.1      0.07    1.0147    0.0000      0.00      0.73
  57      78.6      52.0      0.04    1.0152    0.0000      0.00      0.47
  58      78.6      54.0      0.01    1.0175    0.0000      0.00      0.27
  59      78.6      56.0     -0.01    1.0190    0.0000      0.00      0.77
  60      78.6      58.0     -0.04    1.0163    0.0000      0.00      0.33
  61      78.6      59.9     -0.06    1.0140    0.0000      0.00      0.45


 Residual error mean and sd:     0.426   0.245 pixels    (Local area   3   1)

         Projection points with large residuals (in pixels)
 obj  cont  view   index coordinates      residuals        # of
   #     #     #      X         Y        X        Y        S.D.
   1    14    56   1697.41    824.05    -0.81    -1.36     4.74
   1    14    59   1718.47    828.11     0.97     1.05     4.10
   3    16    59   1853.16    946.67     0.02     1.38     3.87
   1    14    33   1655.91    710.42     0.39     1.28     3.70
   1     9    56   1157.40   1068.16     0.12    -1.26     3.44
   2     2    44   1888.91   1163.06    -0.71     1.03     3.38
   1    14    51   1699.11    803.51     0.55     1.06     3.12
   1    14    55   1690.90    818.87     0.34     1.13     3.07

 Doing local area  4  1, centered on 1504  542, size  650  664,  13 fiducials
    ( 10 on bottom and  3 on top)

 Number of cycles :    23                      Final   F :        0.465962
  61 views,   33 geometric variables,   13 3-D points,   726 projection points
  Ratio of total measured values to all unknowns =  1452/ 153 =   9.49

 view   rotation    tilt    deltilt     mag      dmag      skew    resid-pixels
   1      78.0     -59.6      0.35    1.0001    0.0000      0.00      0.44
   2      78.0     -57.7      0.27    0.9983    0.0000      0.00      0.67
   3      78.0     -55.8      0.18    1.0009    0.0000      0.00      0.43
   4      78.0     -53.9      0.09    1.0007    0.0000      0.00      0.48
   5      78.0     -51.9      0.05    1.0007    0.0000      0.00      0.46
   6      78.0     -50.0      0.01    0.9998    0.0000      0.00      0.44
   7      78.0     -48.0     -0.03    1.0002    0.0000      0.00      0.38
   8      78.1     -46.0     -0.03    1.0010    0.0000      0.00      0.29
   9      78.1     -44.0     -0.03    1.0001    0.0000      0.00      0.39
  10      78.1     -42.0     -0.03    1.0025    0.0000      0.00      0.32
  11      78.1     -40.0     -0.02    1.0021    0.0000      0.00      0.36
  12      78.1     -38.0     -0.02    1.0003    0.0000      0.00      0.42
  13      78.1     -36.0     -0.02    0.9999    0.0000      0.00      0.35
  14      78.1     -34.0     -0.03    0.9996    0.0000      0.00      0.46
  15      78.1     -32.0     -0.02    0.9975    0.0000      0.00      0.43
  16      78.2     -30.0     -0.02    0.9953    0.0000      0.00      0.72
  17      78.2     -28.0     -0.01    0.9989    0.0000      0.00      0.51
  18      78.2     -26.0      0.01    0.9945    0.0000      0.00      0.40
  19      78.2     -24.0      0.03    0.9941    0.0000      0.00      0.34
  20      78.2     -21.9      0.06    0.9942    0.0000      0.00      0.29
  21      78.2     -19.9      0.08    0.9936    0.0000      0.00      0.41
  22      78.2     -17.9      0.09    0.9946    0.0000      0.00      0.41
  23      78.2     -15.9      0.07    0.9921    0.0000      0.00      0.37
  24      78.2     -14.0      0.05    0.9933    0.0000      0.00      0.30
  25      78.3     -12.0      0.03    0.9923    0.0000      0.00      0.46
  26      78.3     -10.0      0.01    0.9931    0.0000      0.00      0.50
  27      78.3      -8.0     -0.01    0.9920    0.0000      0.00      0.35
  28      78.3      -6.0     -0.02    0.9915    0.0000      0.00      0.37
  29      78.3      -4.0     -0.02    0.9905    0.0000      0.00      0.37
  30      78.3      -2.0     -0.01    0.9909    0.0000      0.00      0.40
  31      78.3      -0.0     -0.00    0.9938    0.0000      0.00      0.31
  32      78.3       2.0      0.00    0.9954    0.0000      0.00      0.29
  33      78.3       4.0      0.01    0.9967    0.0000      0.00      0.53
  34      78.3       6.0      0.02    0.9971    0.0000      0.00      0.33
  35      78.3       8.0     -0.02    0.9963    0.0000      0.00      0.32
  36      78.3      10.0     -0.03    0.9971    0.0000      0.00      0.30
  37      78.4      12.0     -0.04    0.9995    0.0000      0.00      0.35
  38      78.4      13.9     -0.05    0.9981    0.0000      0.00      0.31
  39      78.4      15.9     -0.06    0.9989    0.0000      0.00      0.34
  40      78.4      17.9     -0.08    1.0008    0.0000      0.00      0.29
  41      78.4      20.0      0.00    1.0003    0.0000      0.00      0.42
  42      78.4      22.1      0.06    1.0025    0.0000      0.00      0.38
  43      78.4      24.1      0.11    1.0045    0.0000      0.00      0.43
  44      78.4      26.2      0.17    1.0060    0.0000      0.00      0.51
  45      78.4      28.2      0.23    1.0090    0.0000      0.00      0.36
  46      78.5      30.2      0.17    1.0114    0.0000      0.00      0.43
  47      78.5      32.1      0.11    1.0114    0.0000      0.00      0.35
  48      78.5      34.0      0.05    1.0134    0.0000      0.00      0.40
  49      78.5      36.0     -0.02    1.0130    0.0000      0.00      0.39
  50      78.5      37.9     -0.09    1.0120    0.0000      0.00      0.58
  51      78.5      39.9     -0.06    1.0132    0.0000      0.00      0.41
  52      78.5      42.0     -0.02    1.0126    0.0000      0.00      0.46
  53      78.5      44.0      0.01    1.0164    0.0000      0.00      0.49
  54      78.5      46.0      0.04    1.0149    0.0000      0.00      0.38
  55      78.5      48.1      0.08    1.0164    0.0000      0.00      0.51
  56      78.5      50.0      0.03    1.0147    0.0000      0.00      0.54
  57      78.6      52.0     -0.02    1.0152    0.0000      0.00      0.39
  58      78.6      53.9     -0.06    1.0174    0.0000      0.00      0.35
  59      78.6      55.9     -0.05    1.0188    0.0000      0.00      0.52
  60      78.6      58.0     -0.04    1.0161    0.0000      0.00      0.33
  61      78.6      60.0     -0.03    1.0138    0.0000      0.00      0.29


 Residual error mean and sd:     0.405   0.230 pixels    (Local area   4   1)

         Projection points with large residuals (in pixels)
 obj  cont  view   index coordinates      residuals        # of
   #     #     #      X         Y        X        Y        S.D.
   1     4    56   1372.50   1448.69     0.86     1.06     4.19
   1     4    52   1386.51   1533.11     0.21     1.28     3.89
   1     4    50   1390.37   1569.48     0.73     1.06     3.81
   1     4    53   1414.74   1484.62    -0.73    -1.05     3.78
   2    21    16   1409.17   1461.09     0.93     0.88     3.78
   1     4     1   1364.88   1422.33    -0.43    -1.18     3.70
   1     4    41   1424.56   1693.79     0.68     1.04     3.64
   3     1     2   1224.83   1122.91     0.11    -1.23     3.61
   1     6     2   1426.03   1138.31    -0.97    -0.69     3.39
   2     5    33   1347.74   1313.76    -0.09     1.16     3.29

 Doing local area  1  2, centered on  526  875, size  650  664,  14 fiducials
    (  5 on bottom and  9 on top)

 Number of cycles :    18                      Final   F :        0.471494
  61 views,   33 geometric variables,   14 3-D points,   789 projection points
  Ratio of total measured values to all unknowns =  1578/ 153 =  10.31

 view   rotation    tilt    deltilt     mag      dmag      skew    resid-pixels
   1      78.0     -59.7      0.26    0.9999    0.0000      0.00      0.48
   2      78.0     -57.8      0.21    0.9982    0.0000      0.00      0.62
   3      78.0     -55.8      0.15    1.0009    0.0000      0.00      0.39
   4      78.0     -53.9      0.10    1.0008    0.0000      0.00      0.35
   5      78.1     -52.0      0.05    1.0008    0.0000      0.00      0.52
   6      78.1     -50.0      0.00    1.0000    0.0000      0.00      0.31
   7      78.1     -48.0     -0.05    1.0005    0.0000      0.00      0.22
   8      78.1     -46.1     -0.05    1.0013    0.0000      0.00      0.41
   9      78.1     -44.1     -0.06    1.0003    0.0000      0.00      0.31
  10      78.1     -42.0     -0.03    1.0027    0.0000      0.00      0.29
  11      78.1     -40.0     -0.01    1.0023    0.0000      0.00      0.33
  12      78.1     -38.0      0.02    1.0005    0.0000      0.00      0.46
  13      78.1     -36.0      0.04    1.0000    0.0000      0.00      0.35
  14      78.1     -33.9      0.06    0.9997    0.0000      0.00      0.42
  15      78.1     -32.0      0.04    0.9975    0.0000      0.00      0.36
  16      78.2     -30.0      0.03    0.9954    0.0000      0.00      0.53
  17      78.2     -28.0      0.01    0.9990    0.0000      0.00      0.46
  18      78.2     -26.0      0.01    0.9946    0.0000      0.00      0.31
  19      78.2     -24.0      0.00    0.9941    0.0000      0.00      0.41
  20      78.2     -22.0      0.00    0.9942    0.0000      0.00      0.39
  21      78.2     -20.0      0.00    0.9936    0.0000      0.00      0.47
  22      78.2     -18.0      0.03    0.9946    0.0000      0.00      0.28
  23      78.2     -16.0      0.03    0.9921    0.0000      0.00      0.27
  24      78.2     -14.0      0.03    0.9933    0.0000      0.00      0.35
  25      78.2     -12.0      0.03    0.9923    0.0000      0.00      0.36
  26      78.2     -10.0      0.03    0.9931    0.0000      0.00      0.46
  27      78.3      -8.0      0.03    0.9920    0.0000      0.00      0.47
  28      78.3      -6.0      0.03    0.9915    0.0000      0.00      0.29
  29      78.3      -4.0      0.03    0.9904    0.0000      0.00      0.38
  30      78.3      -2.0      0.04    0.9908    0.0000      0.00      0.32
  31      78.3       0.0      0.05    0.9937    0.0000      0.00      0.44
  32      78.3       2.1      0.06    0.9952    0.0000      0.00      0.37
  33      78.3       4.1      0.06    0.9964    0.0000      0.00      0.63
  34      78.3       6.1      0.07    0.9968    0.0000      0.00      0.28
  35      78.3       8.0      0.04    0.9960    0.0000      0.00      0.39
  36      78.4      10.0      0.01    0.9968    0.0000      0.00      0.50
  37      78.4      12.0     -0.02    0.9992    0.0000      0.00      0.54
  38      78.4      14.0     -0.05    0.9977    0.0000      0.00      0.32
  39      78.4      15.9     -0.07    0.9986    0.0000      0.00      0.41
  40      78.4      17.9     -0.10    1.0005    0.0000      0.00      0.40
  41      78.4      20.0     -0.04    1.0000    0.0000      0.00      0.30
  42      78.4      22.0      0.01    1.0022    0.0000      0.00      0.37
  43      78.4      24.1      0.07    1.0043    0.0000      0.00      0.50
  44      78.4      26.1      0.12    1.0058    0.0000      0.00      0.56
  45      78.4      28.2      0.17    1.0090    0.0000      0.00      0.25
  46      78.4      30.1      0.11    1.0114    0.0000      0.00      0.32
  47      78.5      32.0      0.04    1.0115    0.0000      0.00      0.42
  48      78.5      34.0     -0.02    1.0136    0.0000      0.00      0.39
  49      78.5      35.9     -0.08    1.0131    0.0000      0.00      0.30
  50      78.5      37.9     -0.15    1.0122    0.0000      0.00      0.56
  51      78.5      39.9     -0.10    1.0133    0.0000      0.00      0.46
  52      78.5      41.9     -0.06    1.0127    0.0000      0.00      0.50
  53      78.5      44.0     -0.02    1.0165    0.0000      0.00      0.48
  54      78.5      46.0      0.03    1.0149    0.0000      0.00      0.39
  55      78.5      48.1      0.09    1.0164    0.0000      0.00      0.57
  56      78.5      50.1      0.06    1.0148    0.0000      0.00      0.64
  57      78.6      52.0      0.03    1.0152    0.0000      0.00      0.63
  58      78.6      54.0      0.00    1.0175    0.0000      0.00      0.33
  59      78.6      56.0     -0.00    1.0189    0.0000      0.00      0.62
  60      78.6      58.0     -0.01    1.0162    0.0000      0.00      0.39
  61      78.6      60.0     -0.02    1.0139    0.0000      0.00      0.40


 Residual error mean and sd:     0.412   0.230 pixels    (Local area   1   2)

         Projection points with large residuals (in pixels)
 obj  cont  view   index coordinates      residuals        # of
   #     #     #      X         Y        X        Y        S.D.
   2    11    56    967.93    878.40     0.98     1.11     4.65
   2    11    59    987.40    874.49    -0.61    -1.17     3.96
   1    24     2   1137.86    545.82    -0.26    -1.21     3.59
   1    20    55   1385.29    559.19     0.36     1.16     3.51
   3     5    44   1039.90    827.67     0.98     0.70     3.44
   3     7     2    868.40    890.10     0.69     0.95     3.30
   1    20    56   1394.60    579.22    -0.69    -0.92     3.24
   1    24    53   1155.16    489.95     0.30     1.11     3.23
   3    22    16   1014.74    468.69    -0.28    -1.11     3.18

 Doing local area  2  2, centered on  852  875, size  650  664,  13 fiducials
    (  6 on bottom and  7 on top)

 Number of cycles :    18                      Final   F :        0.468560
  61 views,   33 geometric variables,   13 3-D points,   721 projection points
  Ratio of total measured values to all unknowns =  1442/ 153 =   9.42

 view   rotation    tilt    deltilt     mag      dmag      skew    resid-pixels
   1      78.0     -59.7      0.28    1.0001    0.0000      0.00      0.41
   2      78.0     -57.8      0.19    0.9984    0.0000      0.00      0.51
   3      78.0     -55.9      0.11    1.0011    0.0000      0.00      0.37
   4      78.0     -54.0      0.02    1.0009    0.0000      0.00      0.42
   5      78.1     -52.0      0.00    1.0010    0.0000      0.00      0.37
   6      78.1     -50.0     -0.01    1.0002    0.0000      0.00      0.24
   7      78.1     -48.0     -0.03    1.0006    0.0000      0.00      0.23
   8      78.1     -46.0     -0.00    1.0014    0.0000      0.00      0.39
   9      78.1     -44.0      0.02    1.0004    0.0000      0.00      0.31
  10      78.1     -42.0      0.02    1.0028    0.0000      0.00      0.34
  11      78.1     -40.0      0.02    1.0024    0.0000      0.00      0.35
  12      78.1     -38.0      0.01    1.0005    0.0000      0.00      0.42
  13      78.1     -36.0      0.00    1.0001    0.0000      0.00      0.31
  14      78.1     -34.0     -0.01    0.9997    0.0000      0.00      0.40
  15      78.1     -32.0     -0.01    0.9976    0.0000      0.00      0.41
  16      78.2     -30.0     -0.02    0.9955    0.0000      0.00      0.54
  17      78.2     -28.0     -0.02    0.9991    0.0000      0.00      0.46
  18      78.2     -26.0     -0.01    0.9947    0.0000      0.00      0.28
  19      78.2     -24.0      0.01    0.9942    0.0000      0.00      0.37
  20      78.2     -22.0      0.02    0.9943    0.0000      0.00      0.44
  21      78.2     -20.0      0.03    0.9937    0.0000      0.00      0.51
  22      78.2     -17.9      0.05    0.9946    0.0000      0.00      0.33
  23      78.2     -16.0      0.05    0.9921    0.0000      0.00      0.33
  24      78.2     -14.0      0.04    0.9932    0.0000      0.00      0.33
  25      78.2     -12.0      0.04    0.9921    0.0000      0.00      0.35
  26      78.2     -10.0      0.03    0.9929    0.0000      0.00      0.37
  27      78.3      -8.0      0.03    0.9917    0.0000      0.00      0.49
  28      78.3      -6.0      0.02    0.9912    0.0000      0.00      0.38
  29      78.3      -4.0      0.03    0.9902    0.0000      0.00      0.41
  30      78.3      -2.0      0.04    0.9907    0.0000      0.00      0.38
  31      78.3       0.0      0.05    0.9936    0.0000      0.00      0.41
  32      78.3       2.1      0.05    0.9952    0.0000      0.00      0.25
  33      78.3       4.1      0.06    0.9965    0.0000      0.00      0.59
  34      78.3       6.1      0.07    0.9970    0.0000      0.00      0.32
  35      78.3       8.0      0.03    0.9961    0.0000      0.00      0.37
  36      78.4      10.0      0.00    0.9969    0.0000      0.00      0.50
  37      78.4      12.0     -0.03    0.9993    0.0000      0.00      0.45
  38      78.4      13.9     -0.05    0.9978    0.0000      0.00      0.32
  39      78.4      15.9     -0.08    0.9987    0.0000      0.00      0.44
  40      78.4      17.9     -0.11    1.0006    0.0000      0.00      0.46
  41      78.4      20.0     -0.05    1.0001    0.0000      0.00      0.30
  42      78.4      22.0      0.00    1.0023    0.0000      0.00      0.39
  43      78.4      24.1      0.05    1.0043    0.0000      0.00      0.53
  44      78.4      26.1      0.11    1.0058    0.0000      0.00      0.61
  45      78.4      28.2      0.16    1.0089    0.0000      0.00      0.27
  46      78.4      30.1      0.09    1.0113    0.0000      0.00      0.30
  47      78.5      32.0      0.03    1.0113    0.0000      0.00      0.51
  48      78.5      34.0     -0.04    1.0134    0.0000      0.00      0.41
  49      78.5      35.9     -0.09    1.0129    0.0000      0.00      0.29
  50      78.5      37.8     -0.15    1.0120    0.0000      0.00      0.53
  51      78.5      39.9     -0.10    1.0132    0.0000      0.00      0.47
  52      78.5      41.9     -0.05    1.0126    0.0000      0.00      0.52
  53      78.5      44.0     -0.00    1.0165    0.0000      0.00      0.43
  54      78.5      46.0      0.05    1.0149    0.0000      0.00      0.33
  55      78.6      48.1      0.10    1.0164    0.0000      0.00      0.57
  56      78.6      50.1      0.07    1.0148    0.0000      0.00      0.60
  57      78.6      52.0      0.04    1.0152    0.0000      0.00      0.70
  58      78.6      54.0      0.01    1.0175    0.0000      0.00      0.34
  59      78.6      56.0     -0.01    1.0189    0.0000      0.00      0.64
  60      78.6      58.0     -0.02    1.0162    0.0000      0.00      0.42
  61      78.6      60.0     -0.03    1.0139    0.0000      0.00      0.37


 Residual error mean and sd:     0.412   0.223 pixels    (Local area   2   2)

         Projection points with large residuals (in pixels)
 obj  cont  view   index coordinates      residuals        # of
   #     #     #      X         Y        X        Y        S.D.
   1     1    57   1045.01    998.70     0.70     1.10     4.00
   1    19    57    816.00    840.46     0.15    -1.23     3.70
   1     1    56   1043.33   1012.67     0.59     1.04     3.54
   1     3    33    988.96    577.12    -0.06     1.13     3.22
   1     1    59   1058.60    992.78     0.15    -1.11     3.20
   3     9    31   1241.09    756.21    -0.84    -0.71     3.10
   2    11    56    967.93    878.40     0.82     0.72     3.07

 Doing local area  3  2, centered on 1178  875, size  690  704,  10 fiducials
    (  7 on bottom and  3 on top)

 Number of cycles :    18                      Final   F :        0.480283
  61 views,   33 geometric variables,   10 3-D points,   553 projection points
  Ratio of total measured values to all unknowns =  1106/ 153 =   7.23

 view   rotation    tilt    deltilt     mag      dmag      skew    resid-pixels
   1      78.0     -59.8      0.23    1.0001    0.0000      0.00      0.51
   2      78.0     -57.8      0.19    0.9984    0.0000      0.00      0.71
   3      78.0     -55.8      0.16    1.0011    0.0000      0.00      0.32
   4      78.0     -53.9      0.12    1.0010    0.0000      0.00      0.39
   5      78.0     -51.9      0.07    1.0011    0.0000      0.00      0.48
   6      78.1     -50.0      0.01    1.0004    0.0000      0.00      0.55
   7      78.1     -48.0     -0.04    1.0009    0.0000      0.00      0.31
   8      78.1     -46.1     -0.05    1.0016    0.0000      0.00      0.33
   9      78.1     -44.1     -0.07    1.0007    0.0000      0.00      0.35
  10      78.1     -42.1     -0.06    1.0031    0.0000      0.00      0.27
  11      78.1     -40.1     -0.06    1.0027    0.0000      0.00      0.28
  12      78.1     -38.1     -0.05    1.0009    0.0000      0.00      0.32
  13      78.1     -36.1     -0.05    1.0004    0.0000      0.00      0.36
  14      78.1     -34.1     -0.05    1.0001    0.0000      0.00      0.48
  15      78.1     -32.0     -0.04    0.9978    0.0000      0.00      0.42
  16      78.2     -30.0     -0.04    0.9956    0.0000      0.00      0.61
  17      78.2     -28.0     -0.03    0.9991    0.0000      0.00      0.39
  18      78.2     -26.0     -0.00    0.9946    0.0000      0.00      0.32
  19      78.2     -24.0      0.02    0.9940    0.0000      0.00      0.34
  20      78.2     -22.0      0.05    0.9941    0.0000      0.00      0.38
  21      78.2     -19.9      0.07    0.9933    0.0000      0.00      0.48
  22      78.2     -17.9      0.10    0.9943    0.0000      0.00      0.36
  23      78.2     -15.9      0.09    0.9920    0.0000      0.00      0.35
  24      78.2     -13.9      0.09    0.9931    0.0000      0.00      0.28
  25      78.2     -11.9      0.08    0.9922    0.0000      0.00      0.27
  26      78.2      -9.9      0.08    0.9930    0.0000      0.00      0.37
  27      78.3      -7.9      0.08    0.9920    0.0000      0.00      0.30
  28      78.3      -5.9      0.07    0.9915    0.0000      0.00      0.41
  29      78.3      -3.9      0.07    0.9904    0.0000      0.00      0.49
  30      78.3      -1.9      0.06    0.9909    0.0000      0.00      0.37
  31      78.3       0.1      0.06    0.9937    0.0000      0.00      0.31
  32      78.3       2.0      0.05    0.9952    0.0000      0.00      0.25
  33      78.3       4.0      0.04    0.9965    0.0000      0.00      0.58
  34      78.3       6.0      0.04    0.9969    0.0000      0.00      0.35
  35      78.3       8.0     -0.01    0.9961    0.0000      0.00      0.29
  36      78.4      10.0     -0.03    0.9969    0.0000      0.00      0.34
  37      78.4      12.0     -0.04    0.9994    0.0000      0.00      0.43
  38      78.4      13.9     -0.06    0.9980    0.0000      0.00      0.25
  39      78.4      15.9     -0.07    0.9989    0.0000      0.00      0.38
  40      78.4      17.9     -0.09    1.0008    0.0000      0.00      0.38
  41      78.4      20.0     -0.01    1.0004    0.0000      0.00      0.36
  42      78.4      22.0      0.03    1.0025    0.0000      0.00      0.39
  43      78.4      24.1      0.08    1.0045    0.0000      0.00      0.52
  44      78.4      26.1      0.12    1.0059    0.0000      0.00      0.54
  45      78.5      28.2      0.17    1.0089    0.0000      0.00      0.34
  46      78.5      30.1      0.10    1.0112    0.0000      0.00      0.26
  47      78.5      32.0      0.03    1.0112    0.0000      0.00      0.40
  48      78.5      34.0     -0.04    1.0132    0.0000      0.00      0.41
  49      78.5      35.9     -0.10    1.0127    0.0000      0.00      0.27
  50      78.5      37.8     -0.17    1.0118    0.0000      0.00      0.72
  51      78.5      39.9     -0.12    1.0129    0.0000      0.00      0.52
  52      78.5      41.9     -0.08    1.0123    0.0000      0.00      0.40
  53      78.5      44.0     -0.04    1.0162    0.0000      0.00      0.42
  54      78.5      46.0      0.02    1.0146    0.0000      0.00      0.24
  55      78.5      48.1      0.08    1.0161    0.0000      0.00      0.60
  56      78.5      50.1      0.07    1.0145    0.0000      0.00      0.81
  57      78.6      52.0      0.05    1.0150    0.0000      0.00      0.63
  58      78.6      54.0      0.03    1.0174    0.0000      0.00      0.31
  59      78.6      56.0      0.01    1.0189    0.0000      0.00      0.72
  60      78.6      58.0     -0.02    1.0162    0.0000      0.00      0.41
  61      78.6      60.0     -0.05    1.0141    0.0000      0.00      0.42


 Residual error mean and sd:     0.409   0.251 pixels    (Local area   3   2)

         Projection points with large residuals (in pixels)
 obj  cont  view   index coordinates      residuals        # of
   #     #     #      X         Y        X        Y        S.D.
   3     7    59    897.55   1004.12    -0.01     1.93     6.03
   3     7    56    877.87   1002.24    -0.05    -1.60     4.75
   3     7    44    896.38    939.69     0.21    -1.54     4.55
   3     7    57    881.09    996.57     0.39    -1.24     3.52
   3     7    50    863.63    963.09     0.03    -1.24     3.29
   3     7    51    883.20    982.33    -0.22     1.17     3.11
   2     7    59   1283.00   1117.72    -0.37    -1.12     3.07

 Doing local area  4  2, centered on 1504  875, size  650  664,  12 fiducials
    (  6 on bottom and  6 on top)

 Number of cycles :    23                      Final   F :        0.480425
  61 views,   33 geometric variables,   12 3-D points,   683 projection points
  Ratio of total measured values to all unknowns =  1366/ 153 =   8.93

 view   rotation    tilt    deltilt     mag      dmag      skew    resid-pixels
   1      78.0     -59.7      0.34    1.0003    0.0000      0.00      0.56
   2      78.0     -57.8      0.25    0.9986    0.0000      0.00      0.77
   3      78.0     -55.8      0.16    1.0012    0.0000      0.00      0.45
   4      78.0     -53.9      0.07    1.0010    0.0000      0.00      0.40
   5      78.0     -52.0      0.03    1.0011    0.0000      0.00      0.55
   6      78.1     -50.0     -0.01    1.0002    0.0000      0.00      0.39
   7      78.1     -48.0     -0.05    1.0006    0.0000      0.00      0.36
   8      78.1     -46.0     -0.05    1.0014    0.0000      0.00      0.30
   9      78.1     -44.0     -0.04    1.0005    0.0000      0.00      0.35
  10      78.1     -42.0     -0.03    1.0028    0.0000      0.00      0.29
  11      78.1     -40.0     -0.03    1.0025    0.0000      0.00      0.42
  12      78.1     -38.0     -0.02    1.0006    0.0000      0.00      0.41
  13      78.1     -36.0     -0.02    1.0002    0.0000      0.00      0.33
  14      78.1     -34.0     -0.01    0.9999    0.0000      0.00      0.52
  15      78.1     -32.0     -0.01    0.9977    0.0000      0.00      0.45
  16      78.2     -30.0     -0.01    0.9955    0.0000      0.00      0.81
  17      78.2     -28.0     -0.01    0.9990    0.0000      0.00      0.72
  18      78.2     -26.0      0.01    0.9945    0.0000      0.00      0.38
  19      78.2     -24.0      0.03    0.9940    0.0000      0.00      0.28
  20      78.2     -22.0      0.04    0.9941    0.0000      0.00      0.34
  21      78.2     -19.9      0.06    0.9934    0.0000      0.00      0.44
  22      78.2     -17.9      0.08    0.9944    0.0000      0.00      0.41
  23      78.2     -15.9      0.06    0.9920    0.0000      0.00      0.39
  24      78.2     -14.0      0.05    0.9932    0.0000      0.00      0.32
  25      78.2     -12.0      0.03    0.9923    0.0000      0.00      0.46
  26      78.2     -10.0      0.02    0.9932    0.0000      0.00      0.60
  27      78.2      -8.0      0.00    0.9922    0.0000      0.00      0.33
  28      78.3      -6.0     -0.01    0.9917    0.0000      0.00      0.38
  29      78.3      -4.0     -0.01    0.9906    0.0000      0.00      0.38
  30      78.3      -2.0     -0.02    0.9911    0.0000      0.00      0.37
  31      78.3      -0.0     -0.02    0.9939    0.0000      0.00      0.35
  32      78.3       2.0     -0.02    0.9954    0.0000      0.00      0.24
  33      78.3       4.0     -0.02    0.9967    0.0000      0.00      0.54
  34      78.3       6.0     -0.03    0.9971    0.0000      0.00      0.26
  35      78.3       7.9     -0.07    0.9962    0.0000      0.00      0.35
  36      78.4       9.9     -0.08    0.9970    0.0000      0.00      0.27
  37      78.4      11.9     -0.08    0.9994    0.0000      0.00      0.34
  38      78.4      13.9     -0.08    0.9979    0.0000      0.00      0.36
  39      78.4      15.9     -0.09    0.9987    0.0000      0.00      0.40
  40      78.4      17.9     -0.09    1.0006    0.0000      0.00      0.24
  41      78.4      20.0     -0.01    1.0001    0.0000      0.00      0.41
  42      78.4      22.1      0.06    1.0024    0.0000      0.00      0.39
  43      78.4      24.1      0.12    1.0045    0.0000      0.00      0.42
  44      78.4      26.2      0.19    1.0061    0.0000      0.00      0.42
  45      78.4      28.3      0.26    1.0093    0.0000      0.00      0.33
  46      78.4      30.2      0.21    1.0118    0.0000      0.00      0.39
  47      78.4      32.2      0.16    1.0119    0.0000      0.00      0.24
  48      78.4      34.1      0.11    1.0141    0.0000      0.00      0.36
  49      78.4      36.0      0.02    1.0134    0.0000      0.00      0.30
  50      78.5      37.9     -0.07    1.0123    0.0000      0.00      0.64
  51      78.5      40.0     -0.05    1.0133    0.0000      0.00      0.42
  52      78.5      42.0     -0.03    1.0124    0.0000      0.00      0.43
  53      78.5      44.0     -0.02    1.0161    0.0000      0.00      0.53
  54      78.5      46.0      0.02    1.0144    0.0000      0.00      0.24
  55      78.6      48.1      0.06    1.0157    0.0000      0.00      0.45
  56      78.6      50.0      0.02    1.0141    0.0000      0.00      0.50
  57      78.6      52.0     -0.03    1.0147    0.0000      0.00      0.58
  58      78.6      53.9     -0.07    1.0171    0.0000      0.00      0.39
  59      78.6      55.9     -0.06    1.0186    0.0000      0.00      0.51
  60      78.6      58.0     -0.05    1.0160    0.0000      0.00      0.36
  61      78.6      60.0     -0.04    1.0139    0.0000      0.00      0.34


 Residual error mean and sd:     0.411   0.248 pixels    (Local area   4   2)

         Projection points with large residuals (in pixels)
 obj  cont  view   index coordinates      residuals        # of
   #     #     #      X         Y        X        Y        S.D.
   1     6     2   1426.03   1138.31    -1.15    -0.97     4.40
   3     1     2   1224.83   1122.91    -0.13    -1.47     4.30
   1     4    52   1386.51   1533.11     0.24     1.33     3.77
   3     6    16   1496.94   1117.64    -0.93    -0.91     3.60
   1     4    41   1424.56   1693.79     0.59     1.05     3.20
   3     1    16   1238.69   1178.75    -0.73    -0.94     3.14

 Doing local area  1  3, centered on  526 1208, size  650  664,  12 fiducials
    (  8 on bottom and  4 on top)

 Number of cycles :    18                      Final   F :        0.475713
  61 views,   33 geometric variables,   12 3-D points,   687 projection points
  Ratio of total measured values to all unknowns =  1374/ 153 =   8.98

 view   rotation    tilt    deltilt     mag      dmag      skew    resid-pixels
   1      78.0     -59.8      0.23    1.0004    0.0000      0.00      0.54
   2      78.0     -57.8      0.18    0.9986    0.0000      0.00      0.68
   3      78.0     -55.9      0.14    1.0012    0.0000      0.00      0.32
   4      78.0     -53.9      0.09    1.0009    0.0000      0.00      0.43
   5      78.0     -52.0      0.05    1.0008    0.0000      0.00      0.61
   6      78.1     -50.0      0.01    0.9999    0.0000      0.00      0.40
   7      78.1     -48.0     -0.03    1.0002    0.0000      0.00      0.30
   8      78.1     -46.0     -0.03    1.0010    0.0000      0.00      0.39
   9      78.1     -44.0     -0.03    1.0001    0.0000      0.00      0.28
  10      78.1     -42.0     -0.02    1.0025    0.0000      0.00      0.25
  11      78.1     -40.0     -0.01    1.0021    0.0000      0.00      0.31
  12      78.1     -38.0      0.00    1.0003    0.0000      0.00      0.43
  13      78.1     -36.0      0.01    0.9999    0.0000      0.00      0.43
  14      78.1     -34.0      0.02    0.9996    0.0000      0.00      0.43
  15      78.1     -32.0      0.01    0.9974    0.0000      0.00      0.31
  16      78.1     -30.0      0.00    0.9953    0.0000      0.00      0.73
  17      78.2     -28.0     -0.00    0.9989    0.0000      0.00      0.58
  18      78.2     -26.0      0.01    0.9944    0.0000      0.00      0.25
  19      78.2     -24.0      0.02    0.9940    0.0000      0.00      0.35
  20      78.2     -22.0      0.03    0.9941    0.0000      0.00      0.37
  21      78.2     -20.0      0.04    0.9934    0.0000      0.00      0.43
  22      78.2     -17.9      0.06    0.9944    0.0000      0.00      0.28
  23      78.2     -15.9      0.06    0.9920    0.0000      0.00      0.31
  24      78.2     -13.9      0.05    0.9932    0.0000      0.00      0.25
  25      78.3     -11.9      0.05    0.9922    0.0000      0.00      0.41
  26      78.3     -10.0      0.05    0.9930    0.0000      0.00      0.34
  27      78.3      -8.0      0.04    0.9920    0.0000      0.00      0.50
  28      78.3      -6.0      0.04    0.9915    0.0000      0.00      0.28
  29      78.3      -4.0      0.04    0.9905    0.0000      0.00      0.40
  30      78.3      -2.0      0.04    0.9910    0.0000      0.00      0.37
  31      78.3       0.0      0.04    0.9939    0.0000      0.00      0.43
  32      78.3       2.0      0.04    0.9954    0.0000      0.00      0.39
  33      78.3       4.0      0.05    0.9967    0.0000      0.00      0.54
  34      78.3       6.0      0.05    0.9972    0.0000      0.00      0.28
  35      78.3       8.0      0.01    0.9963    0.0000      0.00      0.29
  36      78.3      10.0     -0.01    0.9971    0.0000      0.00      0.45
  37      78.4      12.0     -0.03    0.9995    0.0000      0.00      0.43
  38      78.4      14.0     -0.05    0.9981    0.0000      0.00      0.30
  39      78.4      15.9     -0.06    0.9990    0.0000      0.00      0.40
  40      78.4      17.9     -0.08    1.0009    0.0000      0.00      0.50
  41      78.4      20.0     -0.01    1.0004    0.0000      0.00      0.28
  42      78.4      22.0      0.03    1.0025    0.0000      0.00      0.42
  43      78.4      24.1      0.08    1.0045    0.0000      0.00      0.40
  44      78.4      26.1      0.12    1.0059    0.0000      0.00      0.59
  45      78.4      28.2      0.17    1.0089    0.0000      0.00      0.33
  46      78.5      30.1      0.10    1.0112    0.0000      0.00      0.36
  47      78.5      32.0      0.02    1.0112    0.0000      0.00      0.41
  48      78.5      34.0     -0.05    1.0132    0.0000      0.00      0.43
  49      78.5      35.9     -0.10    1.0127    0.0000      0.00      0.40
  50      78.5      37.8     -0.16    1.0119    0.0000      0.00      0.54
  51      78.5      39.9     -0.11    1.0131    0.0000      0.00      0.39
  52      78.5      41.9     -0.05    1.0125    0.0000      0.00      0.45
  53      78.5      44.0     -0.00    1.0164    0.0000      0.00      0.44
  54      78.5      46.0      0.05    1.0149    0.0000      0.00      0.30
  55      78.5      48.1      0.10    1.0164    0.0000      0.00      0.59
  56      78.5      50.1      0.07    1.0147    0.0000      0.00      0.78
  57      78.6      52.0      0.04    1.0151    0.0000      0.00      0.52
  58      78.6      54.0      0.01    1.0174    0.0000      0.00      0.31
  59      78.6      56.0     -0.01    1.0187    0.0000      0.00      0.62
  60      78.6      58.0     -0.02    1.0160    0.0000      0.00      0.43
  61      78.6      60.0     -0.04    1.0137    0.0000      0.00      0.38


 Residual error mean and sd:     0.416   0.231 pixels    (Local area   1   3)

         Projection points with large residuals (in pixels)
 obj  cont  view   index coordinates      residuals        # of
   #     #     #      X         Y        X        Y        S.D.
   1     3    56   1036.69    780.20    -1.15    -0.49     3.62
   2    16    16    491.38    953.48     0.82     0.90     3.45
   1     3    33    988.96    577.12     0.01     1.15     3.17
   3     7     2    868.40    890.10     0.25     1.11     3.14
   2    16    56    490.77   1071.88     1.13    -0.02     3.09
   3    22    16   1014.74    468.69    -0.85    -0.73     3.04

 Doing local area  2  3, centered on  852 1208, size  650  664,  14 fiducials
    (  8 on bottom and  6 on top)

 Number of cycles :    17                      Final   F :        0.484502
  61 views,   33 geometric variables,   14 3-D points,   788 projection points
  Ratio of total measured values to all unknowns =  1576/ 153 =  10.30

 view   rotation    tilt    deltilt     mag      dmag      skew    resid-pixels
   1      78.0     -59.7      0.31    1.0002    0.0000      0.00      0.53
   2      78.0     -57.8      0.22    0.9984    0.0000      0.00      0.68
   3      78.0     -55.9      0.12    1.0010    0.0000      0.00      0.38
   4      78.0     -54.0      0.03    1.0008    0.0000      0.00      0.42
   5      78.0     -52.0      0.02    1.0007    0.0000      0.00      0.57
   6      78.1     -50.0      0.01    0.9999    0.0000      0.00      0.40
   7      78.1     -48.0     -0.00    1.0003    0.0000      0.00      0.32
   8      78.1     -46.0      0.02    1.0010    0.0000      0.00      0.33
   9      78.1     -43.9      0.05    1.0001    0.0000      0.00      0.30
  10      78.1     -42.0      0.04    1.0025    0.0000      0.00      0.29
  11      78.1     -40.0      0.03    1.0022    0.0000      0.00      0.31
  12      78.1     -38.0      0.01    1.0004    0.0000      0.00      0.38
  13      78.1     -36.0     -0.01    0.9999    0.0000      0.00      0.44
  14      78.1     -34.0     -0.03    0.9997    0.0000      0.00      0.42
  15      78.1     -32.0     -0.02    0.9975    0.0000      0.00      0.28
  16      78.1     -30.0     -0.02    0.9954    0.0000      0.00      0.66
  17      78.1     -28.0     -0.02    0.9990    0.0000      0.00      0.62
  18      78.2     -26.0     -0.00    0.9946    0.0000      0.00      0.28
  19      78.2     -24.0      0.02    0.9941    0.0000      0.00      0.34
  20      78.2     -22.0      0.04    0.9943    0.0000      0.00      0.42
  21      78.2     -19.9      0.06    0.9936    0.0000      0.00      0.42
  22      78.2     -17.9      0.07    0.9946    0.0000      0.00      0.39
  23      78.2     -15.9      0.06    0.9921    0.0000      0.00      0.34
  24      78.2     -13.9      0.05    0.9932    0.0000      0.00      0.33
  25      78.3     -12.0      0.04    0.9922    0.0000      0.00      0.43
  26      78.3     -10.0      0.03    0.9929    0.0000      0.00      0.33
  27      78.3      -8.0      0.02    0.9919    0.0000      0.00      0.47
  28      78.3      -6.0      0.01    0.9913    0.0000      0.00      0.37
  29      78.3      -4.0      0.02    0.9903    0.0000      0.00      0.39
  30      78.3      -2.0      0.02    0.9908    0.0000      0.00      0.36
  31      78.3       0.0      0.02    0.9937    0.0000      0.00      0.42
  32      78.3       2.0      0.02    0.9953    0.0000      0.00      0.30
  33      78.3       4.0      0.03    0.9965    0.0000      0.00      0.56
  34      78.3       6.0      0.03    0.9970    0.0000      0.00      0.33
  35      78.3       8.0     -0.01    0.9962    0.0000      0.00      0.36
  36      78.4      10.0     -0.02    0.9970    0.0000      0.00      0.44
  37      78.4      12.0     -0.04    0.9994    0.0000      0.00      0.41
  38      78.4      14.0     -0.05    0.9980    0.0000      0.00      0.34
  39      78.4      15.9     -0.06    0.9988    0.0000      0.00      0.43
  40      78.4      17.9     -0.07    1.0007    0.0000      0.00      0.49
  41      78.4      20.0      0.00    1.0002    0.0000      0.00      0.30
  42      78.4      22.0      0.05    1.0024    0.0000      0.00      0.44
  43      78.4      24.1      0.09    1.0045    0.0000      0.00      0.47
  44      78.4      26.1      0.14    1.0059    0.0000      0.00      0.63
  45      78.4      28.2      0.18    1.0089    0.0000      0.00      0.35
  46      78.5      30.1      0.11    1.0113    0.0000      0.00      0.29
  47      78.5      32.0      0.04    1.0113    0.0000      0.00      0.43
  48      78.5      34.0     -0.03    1.0134    0.0000      0.00      0.48
  49      78.5      35.9     -0.09    1.0129    0.0000      0.00      0.36
  50      78.5      37.9     -0.15    1.0120    0.0000      0.00      0.53
  51      78.5      39.9     -0.10    1.0132    0.0000      0.00      0.45
  52      78.5      41.9     -0.06    1.0126    0.0000      0.00      0.49
  53      78.5      44.0     -0.01    1.0165    0.0000      0.00      0.46
  54      78.5      46.0      0.04    1.0150    0.0000      0.00      0.32
  55      78.5      48.1      0.08    1.0165    0.0000      0.00      0.55
  56      78.5      50.1      0.05    1.0148    0.0000      0.00      0.77
  57      78.6      52.0      0.02    1.0151    0.0000      0.00      0.55
  58      78.6      54.0     -0.02    1.0173    0.0000      0.00      0.42
  59      78.6      56.0     -0.03    1.0186    0.0000      0.00      0.65
  60      78.6      57.9     -0.05    1.0158    0.0000      0.00      0.36
  61      78.6      59.9     -0.07    1.0135    0.0000      0.00      0.35


 Residual error mean and sd:     0.425   0.233 pixels    (Local area   2   3)

         Projection points with large residuals (in pixels)
 obj  cont  view   index coordinates      residuals        # of
   #     #     #      X         Y        X        Y        S.D.
   1     3    56   1036.69    780.20    -1.18    -0.75     4.15
   1    19    57    816.00    840.46    -0.23    -1.32     3.92
   1     9    16   1152.70    982.38    -0.59     1.00     3.17
   1     3    33    988.96    577.12    -0.07     1.15     3.12
   3     7    59    897.55   1004.12     0.28     1.11     3.09
   1     1    57   1045.01    998.70     0.35     1.08     3.03
   2    16    56    490.77   1071.88     1.11    -0.20     3.02

 Doing local area  3  3, centered on 1178 1208, size  690  704,   9 fiducials
    (  4 on bottom and  5 on top)

 Number of cycles :    15                      Final   F :        0.471110
  61 views,   33 geometric variables,    9 3-D points,   499 projection points
  Ratio of total measured values to all unknowns =   998/ 153 =   6.52

 view   rotation    tilt    deltilt     mag      dmag      skew    resid-pixels
   1      78.0     -59.7      0.28    1.0001    0.0000      0.00      0.51
   2      78.0     -57.8      0.22    0.9983    0.0000      0.00      0.35
   3      78.0     -55.8      0.16    1.0009    0.0000      0.00      0.49
   4      78.0     -53.9      0.11    1.0006    0.0000      0.00      0.27
   5      78.0     -51.9      0.06    1.0006    0.0000      0.00      0.40
   6      78.1     -50.0      0.02    0.9997    0.0000      0.00      0.27
   7      78.1     -48.0     -0.03    1.0001    0.0000      0.00      0.32
   8      78.1     -46.0     -0.03    1.0009    0.0000      0.00      0.29
   9      78.1     -44.0     -0.04    1.0000    0.0000      0.00      0.36
  10      78.1     -42.0     -0.02    1.0024    0.0000      0.00      0.39
  11      78.1     -40.0     -0.01    1.0021    0.0000      0.00      0.34
  12      78.1     -38.0     -0.00    1.0003    0.0000      0.00      0.35
  13      78.1     -36.0      0.00    0.9999    0.0000      0.00      0.46
  14      78.1     -34.0      0.01    0.9996    0.0000      0.00      0.41
  15      78.1     -32.0     -0.00    0.9976    0.0000      0.00      0.30
  16      78.2     -30.0     -0.01    0.9955    0.0000      0.00      0.63
  17      78.2     -28.0     -0.02    0.9991    0.0000      0.00      0.58
  18      78.2     -26.0     -0.01    0.9948    0.0000      0.00      0.33
  19      78.2     -24.0      0.00    0.9944    0.0000      0.00      0.47
  20      78.2     -22.0      0.01    0.9945    0.0000      0.00      0.47
  21      78.2     -20.0      0.02    0.9940    0.0000      0.00      0.28
  22      78.2     -18.0      0.05    0.9949    0.0000      0.00      0.43
  23      78.2     -16.0      0.05    0.9923    0.0000      0.00      0.41
  24      78.2     -14.0      0.04    0.9934    0.0000      0.00      0.39
  25      78.2     -12.0      0.04    0.9923    0.0000      0.00      0.32
  26      78.2     -10.0      0.04    0.9930    0.0000      0.00      0.28
  27      78.3      -8.0      0.04    0.9919    0.0000      0.00      0.39
  28      78.3      -6.0      0.04    0.9913    0.0000      0.00      0.38
  29      78.3      -4.0      0.04    0.9903    0.0000      0.00      0.32
  30      78.3      -2.0      0.03    0.9908    0.0000      0.00      0.36
  31      78.3       0.0      0.03    0.9937    0.0000      0.00      0.42
  32      78.3       2.0      0.03    0.9953    0.0000      0.00      0.25
  33      78.3       4.0      0.03    0.9966    0.0000      0.00      0.40
  34      78.3       6.0      0.03    0.9971    0.0000      0.00      0.37
  35      78.3       8.0     -0.02    0.9963    0.0000      0.00      0.39
  36      78.4      10.0     -0.03    0.9970    0.0000      0.00      0.42
  37      78.4      12.0     -0.04    0.9994    0.0000      0.00      0.38
  38      78.4      13.9     -0.05    0.9980    0.0000      0.00      0.33
  39      78.4      15.9     -0.06    0.9989    0.0000      0.00      0.40
  40      78.4      17.9     -0.07    1.0007    0.0000      0.00      0.41
  41      78.4      20.0      0.01    1.0002    0.0000      0.00      0.36
  42      78.4      22.1      0.05    1.0024    0.0000      0.00      0.54
  43      78.4      24.1      0.10    1.0044    0.0000      0.00      0.52
  44      78.4      26.1      0.14    1.0058    0.0000      0.00      0.69
  45      78.4      28.2      0.19    1.0089    0.0000      0.00      0.40
  46      78.5      30.1      0.12    1.0112    0.0000      0.00      0.22
  47      78.5      32.0      0.04    1.0112    0.0000      0.00      0.50
  48      78.5      34.0     -0.03    1.0133    0.0000      0.00      0.44
  49      78.5      35.9     -0.09    1.0128    0.0000      0.00      0.35
  50      78.5      37.9     -0.15    1.0119    0.0000      0.00      0.49
  51      78.5      39.9     -0.10    1.0132    0.0000      0.00      0.54
  52      78.5      41.9     -0.05    1.0126    0.0000      0.00      0.36
  53      78.5      44.0     -0.01    1.0165    0.0000      0.00      0.39
  54      78.5      46.0      0.04    1.0150    0.0000      0.00      0.34
  55      78.6      48.1      0.09    1.0165    0.0000      0.00      0.44
  56      78.5      50.1      0.06    1.0147    0.0000      0.00      0.79
  57      78.6      52.0      0.03    1.0150    0.0000      0.00      0.60
  58      78.6      54.0      0.01    1.0171    0.0000      0.00      0.51
  59      78.6      56.0     -0.03    1.0184    0.0000      0.00      0.69
  60      78.6      57.9     -0.06    1.0155    0.0000      0.00      0.31
  61      78.6      59.9     -0.10    1.0131    0.0000      0.00      0.34


 Residual error mean and sd:     0.413   0.227 pixels    (Local area   3   3)

         Projection points with large residuals (in pixels)
 obj  cont  view   index coordinates      residuals        # of
   #     #     #      X         Y        X        Y        S.D.
   3     7    59    897.55   1004.12     0.20     1.55     5.08
   3    15    16    844.94   1330.73     0.13     1.12     3.17

 Doing local area  4  3, centered on 1504 1208, size  730  744,  10 fiducials
    (  3 on bottom and  7 on top)

 Number of cycles :    21                      Final   F :        0.461316
  61 views,   33 geometric variables,   10 3-D points,   559 projection points
  Ratio of total measured values to all unknowns =  1118/ 153 =   7.31

 view   rotation    tilt    deltilt     mag      dmag      skew    resid-pixels
   1      78.0     -59.7      0.33    1.0000    0.0000      0.00      0.46
   2      78.0     -57.8      0.24    0.9982    0.0000      0.00      0.66
   3      78.0     -55.8      0.15    1.0009    0.0000      0.00      0.48
   4      78.0     -53.9      0.06    1.0007    0.0000      0.00      0.30
   5      78.0     -52.0      0.03    1.0007    0.0000      0.00      0.58
   6      78.1     -50.0     -0.00    0.9999    0.0000      0.00      0.37
   7      78.1     -48.0     -0.04    1.0003    0.0000      0.00      0.28
   8      78.1     -46.0     -0.03    1.0011    0.0000      0.00      0.26
   9      78.1     -44.0     -0.02    1.0002    0.0000      0.00      0.38
  10      78.1     -42.0     -0.02    1.0027    0.0000      0.00      0.31
  11      78.1     -40.0     -0.01    1.0023    0.0000      0.00      0.33
  12      78.1     -38.0     -0.01    1.0005    0.0000      0.00      0.43
  13      78.1     -36.0     -0.02    1.0001    0.0000      0.00      0.29
  14      78.1     -34.0     -0.02    0.9999    0.0000      0.00      0.46
  15      78.1     -32.0     -0.02    0.9977    0.0000      0.00      0.43
  16      78.2     -30.0     -0.02    0.9956    0.0000      0.00      0.69
  17      78.2     -28.0     -0.03    0.9991    0.0000      0.00      0.50
  18      78.2     -26.0     -0.01    0.9947    0.0000      0.00      0.38
  19      78.2     -24.0      0.00    0.9942    0.0000      0.00      0.33
  20      78.2     -22.0      0.02    0.9943    0.0000      0.00      0.40
  21      78.2     -20.0      0.03    0.9937    0.0000      0.00      0.23
  22      78.2     -17.9      0.07    0.9946    0.0000      0.00      0.40
  23      78.2     -15.9      0.08    0.9921    0.0000      0.00      0.39
  24      78.2     -13.9      0.09    0.9931    0.0000      0.00      0.45
  25      78.2     -11.9      0.10    0.9920    0.0000      0.00      0.44
  26      78.2      -9.9      0.10    0.9927    0.0000      0.00      0.52
  27      78.3      -7.9      0.11    0.9916    0.0000      0.00      0.32
  28      78.3      -5.9      0.12    0.9910    0.0000      0.00      0.36
  29      78.3      -3.9      0.11    0.9900    0.0000      0.00      0.30
  30      78.3      -1.9      0.10    0.9906    0.0000      0.00      0.38
  31      78.3       0.1      0.09    0.9936    0.0000      0.00      0.33
  32      78.3       2.1      0.08    0.9952    0.0000      0.00      0.24
  33      78.3       4.1      0.07    0.9966    0.0000      0.00      0.54
  34      78.3       6.1      0.06    0.9971    0.0000      0.00      0.26
  35      78.3       8.0      0.00    0.9963    0.0000      0.00      0.46
  36      78.3      10.0     -0.03    0.9970    0.0000      0.00      0.43
  37      78.4      11.9     -0.07    0.9994    0.0000      0.00      0.46
  38      78.4      13.9     -0.10    0.9980    0.0000      0.00      0.36
  39      78.4      15.9     -0.14    0.9989    0.0000      0.00      0.47
  40      78.4      17.8     -0.17    1.0007    0.0000      0.00      0.31
  41      78.4      19.9     -0.12    1.0003    0.0000      0.00      0.33
  42      78.4      21.9     -0.05    1.0024    0.0000      0.00      0.29
  43      78.4      24.0      0.01    1.0044    0.0000      0.00      0.47
  44      78.4      26.1      0.08    1.0058    0.0000      0.00      0.50
  45      78.4      28.1      0.14    1.0088    0.0000      0.00      0.32
  46      78.5      30.1      0.09    1.0111    0.0000      0.00      0.41
  47      78.5      32.0      0.04    1.0111    0.0000      0.00      0.38
  48      78.5      34.0     -0.02    1.0131    0.0000      0.00      0.40
  49      78.5      35.9     -0.07    1.0127    0.0000      0.00      0.29
  50      78.5      37.9     -0.13    1.0118    0.0000      0.00      0.55
  51      78.5      39.9     -0.08    1.0130    0.0000      0.00      0.46
  52      78.5      42.0     -0.03    1.0124    0.0000      0.00      0.45
  53      78.5      44.0      0.02    1.0164    0.0000      0.00      0.43
  54      78.5      46.1      0.06    1.0149    0.0000      0.00      0.33
  55      78.6      48.1      0.10    1.0164    0.0000      0.00      0.41
  56      78.6      50.1      0.07    1.0149    0.0000      0.00      0.48
  57      78.6      52.0      0.03    1.0154    0.0000      0.00      0.61
  58      78.6      54.0     -0.01    1.0178    0.0000      0.00      0.46
  59      78.6      56.0     -0.00    1.0193    0.0000      0.00      0.56
  60      78.6      58.0      0.00    1.0167    0.0000      0.00      0.30
  61      78.6      60.0      0.01    1.0145    0.0000      0.00      0.25


 Residual error mean and sd:     0.404   0.222 pixels    (Local area   4   3)

         Projection points with large residuals (in pixels)
 obj  cont  view   index coordinates      residuals        # of
   #     #     #      X         Y        X        Y        S.D.
   3     1    16   1238.69   1178.75    -1.20    -1.20     5.82
   3     1     2   1224.83   1122.91    -0.44    -1.29     4.30
   1    22     3   1134.00   1399.08    -0.04    -1.16     3.38
   1    21     5   1263.32   1361.18     1.05     0.32     3.12

 Doing local area  1  4, centered on  526 1541, size  650  664,  13 fiducials
    (  8 on bottom and  5 on top)

 Number of cycles :    19                      Final   F :        0.478225
  61 views,   33 geometric variables,   13 3-D points,   734 projection points
  Ratio of total measured values to all unknowns =  1468/ 153 =   9.59

 view   rotation    tilt    deltilt     mag      dmag      skew    resid-pixels
   1      78.0     -59.8      0.24    1.0001    0.0000      0.00      0.57
   2      78.0     -57.8      0.19    0.9983    0.0000      0.00      0.71
   3      78.0     -55.9      0.13    1.0009    0.0000      0.00      0.39
   4      78.0     -53.9      0.08    1.0007    0.0000      0.00      0.35
   5      78.0     -52.0      0.04    1.0007    0.0000      0.00      0.49
   6      78.0     -50.0      0.00    0.9998    0.0000      0.00      0.35
   7      78.1     -48.0     -0.03    1.0002    0.0000      0.00      0.35
   8      78.1     -46.0     -0.03    1.0010    0.0000      0.00      0.35
   9      78.1     -44.0     -0.03    1.0001    0.0000      0.00      0.28
  10      78.1     -42.0     -0.01    1.0025    0.0000      0.00      0.28
  11      78.1     -40.0      0.00    1.0021    0.0000      0.00      0.32
  12      78.1     -38.0      0.02    1.0003    0.0000      0.00      0.42
  13      78.1     -36.0      0.03    0.9998    0.0000      0.00      0.39
  14      78.1     -34.0      0.03    0.9995    0.0000      0.00      0.38
  15      78.1     -32.0      0.02    0.9974    0.0000      0.00      0.32
  16      78.2     -30.0      0.01    0.9953    0.0000      0.00      0.70
  17      78.2     -28.0      0.00    0.9990    0.0000      0.00      0.54
  18      78.2     -26.0      0.01    0.9946    0.0000      0.00      0.43
  19      78.2     -24.0      0.02    0.9941    0.0000      0.00      0.43
  20      78.2     -22.0      0.02    0.9943    0.0000      0.00      0.34
  21      78.2     -20.0      0.03    0.9937    0.0000      0.00      0.56
  22      78.2     -17.9      0.05    0.9946    0.0000      0.00      0.25
  23      78.2     -16.0      0.04    0.9922    0.0000      0.00      0.35
  24      78.2     -14.0      0.03    0.9933    0.0000      0.00      0.26
  25      78.2     -12.0      0.03    0.9922    0.0000      0.00      0.45
  26      78.2     -10.0      0.02    0.9930    0.0000      0.00      0.37
  27      78.3      -8.0      0.01    0.9919    0.0000      0.00      0.36
  28      78.3      -6.0      0.00    0.9913    0.0000      0.00      0.31
  29      78.3      -4.0      0.00    0.9903    0.0000      0.00      0.33
  30      78.3      -2.0      0.01    0.9908    0.0000      0.00      0.32
  31      78.3       0.0      0.01    0.9937    0.0000      0.00      0.42
  32      78.3       2.0      0.01    0.9952    0.0000      0.00      0.43
  33      78.3       4.0      0.01    0.9965    0.0000      0.00      0.55
  34      78.3       6.0      0.02    0.9969    0.0000      0.00      0.41
  35      78.3       8.0     -0.02    0.9961    0.0000      0.00      0.38
  36      78.3      10.0     -0.04    0.9969    0.0000      0.00      0.42
  37      78.4      11.9     -0.06    0.9994    0.0000      0.00      0.47
  38      78.4      13.9     -0.09    0.9979    0.0000      0.00      0.31
  39      78.4      15.9     -0.11    0.9988    0.0000      0.00      0.40
  40      78.4      17.9     -0.13    1.0007    0.0000      0.00      0.49
  41      78.4      19.9     -0.06    1.0003    0.0000      0.00      0.35
  42      78.4      22.0     -0.01    1.0024    0.0000      0.00      0.35
  43      78.4      24.0      0.05    1.0044    0.0000      0.00      0.43
  44      78.4      26.1      0.10    1.0058    0.0000      0.00      0.54
  45      78.5      28.2      0.16    1.0088    0.0000      0.00      0.37
  46      78.5      30.1      0.10    1.0112    0.0000      0.00      0.38
  47      78.5      32.0      0.03    1.0112    0.0000      0.00      0.35
  48      78.5      34.0     -0.03    1.0132    0.0000      0.00      0.43
  49      78.5      35.9     -0.09    1.0128    0.0000      0.00      0.45
  50      78.5      37.9     -0.15    1.0119    0.0000      0.00      0.51
  51      78.5      39.9     -0.11    1.0131    0.0000      0.00      0.32
  52      78.5      41.9     -0.06    1.0126    0.0000      0.00      0.39
  53      78.5      44.0     -0.02    1.0165    0.0000      0.00      0.38
  54      78.5      46.0      0.04    1.0150    0.0000      0.00      0.32
  55      78.6      48.1      0.10    1.0165    0.0000      0.00      0.60
  56      78.6      50.1      0.08    1.0149    0.0000      0.00      0.67
  57      78.6      52.1      0.06    1.0154    0.0000      0.00      0.56
  58      78.6      54.0      0.05    1.0177    0.0000      0.00      0.34
  59      78.6      56.0      0.02    1.0192    0.0000      0.00      0.73
  60      78.6      58.0     -0.00    1.0165    0.0000      0.00      0.35
  61      78.6      60.0     -0.03    1.0143    0.0000      0.00      0.40


 Residual error mean and sd:     0.417   0.234 pixels    (Local area   1   4)

         Projection points with large residuals (in pixels)
 obj  cont  view   index coordinates      residuals        # of
   #     #     #      X         Y        X        Y        S.D.
   1     8    59     88.26    699.10    -0.33     1.65     5.42
   1    16    56    249.94    706.44    -0.05    -1.57     4.95
   2    16     2    492.21    975.62     0.16     1.30     3.82
   3    23    56    597.48    917.70    -0.03     1.18     3.26
   1    16    59    278.42    755.18     0.42     1.10     3.26
   1    16    57    256.87    716.68    -0.03    -1.18     3.25
   1    16    51    242.18    609.38    -0.62     0.99     3.21

 Doing local area  2  4, centered on  852 1541, size  650  664,  14 fiducials
    (  9 on bottom and  5 on top)

 Number of cycles :    22                      Final   F :        0.478292
  61 views,   33 geometric variables,   14 3-D points,   802 projection points
  Ratio of total measured values to all unknowns =  1604/ 153 =  10.48

 view   rotation    tilt    deltilt     mag      dmag      skew    resid-pixels
   1      78.0     -59.7      0.28    1.0005    0.0000      0.00      0.50
   2      78.0     -57.8      0.21    0.9986    0.0000      0.00      0.72
   3      78.0     -55.9      0.14    1.0012    0.0000      0.00      0.36
   4      78.0     -53.9      0.07    1.0009    0.0000      0.00      0.35
   5      78.0     -52.0      0.04    1.0008    0.0000      0.00      0.44
   6      78.1     -50.0      0.01    0.9998    0.0000      0.00      0.40
   7      78.1     -48.0     -0.02    1.0002    0.0000      0.00      0.39
   8      78.1     -46.0     -0.01    1.0009    0.0000      0.00      0.33
   9      78.1     -44.0      0.01    1.0000    0.0000      0.00      0.31
  10      78.1     -42.0      0.01    1.0024    0.0000      0.00      0.33
  11      78.1     -40.0      0.01    1.0020    0.0000      0.00      0.34
  12      78.1     -38.0      0.01    1.0003    0.0000      0.00      0.35
  13      78.1     -36.0      0.01    0.9998    0.0000      0.00      0.31
  14      78.1     -34.0      0.01    0.9995    0.0000      0.00      0.35
  15      78.1     -32.0      0.00    0.9974    0.0000      0.00      0.35
  16      78.2     -30.0      0.00    0.9953    0.0000      0.00      0.52
  17      78.2     -28.0      0.00    0.9990    0.0000      0.00      0.61
  18      78.2     -26.0      0.01    0.9946    0.0000      0.00      0.36
  19      78.2     -24.0      0.03    0.9942    0.0000      0.00      0.35
  20      78.2     -22.0      0.04    0.9943    0.0000      0.00      0.31
  21      78.2     -19.9      0.06    0.9937    0.0000      0.00      0.40
  22      78.2     -17.9      0.08    0.9947    0.0000      0.00      0.33
  23      78.2     -15.9      0.07    0.9922    0.0000      0.00      0.40
  24      78.2     -13.9      0.06    0.9933    0.0000      0.00      0.34
  25      78.2     -11.9      0.05    0.9922    0.0000      0.00      0.43
  26      78.2     -10.0      0.05    0.9930    0.0000      0.00      0.41
  27      78.3      -8.0      0.04    0.9919    0.0000      0.00      0.39
  28      78.3      -6.0      0.03    0.9913    0.0000      0.00      0.29
  29      78.3      -4.0      0.02    0.9903    0.0000      0.00      0.38
  30      78.3      -2.0      0.01    0.9907    0.0000      0.00      0.40
  31      78.3       0.0      0.00    0.9936    0.0000      0.00      0.40
  32      78.3       2.0     -0.00    0.9951    0.0000      0.00      0.35
  33      78.3       4.0     -0.01    0.9964    0.0000      0.00      0.65
  34      78.3       6.0     -0.02    0.9968    0.0000      0.00      0.36
  35      78.4       7.9     -0.07    0.9960    0.0000      0.00      0.42
  36      78.4       9.9     -0.08    0.9968    0.0000      0.00      0.46
  37      78.4      11.9     -0.08    0.9992    0.0000      0.00      0.42
  38      78.4      13.9     -0.08    0.9978    0.0000      0.00      0.33
  39      78.4      15.9     -0.08    0.9987    0.0000      0.00      0.43
  40      78.4      17.9     -0.09    1.0007    0.0000      0.00      0.47
  41      78.4      20.0      0.00    1.0002    0.0000      0.00      0.39
  42      78.4      22.0      0.05    1.0024    0.0000      0.00      0.48
  43      78.4      24.1      0.10    1.0045    0.0000      0.00      0.52
  44      78.4      26.1      0.15    1.0059    0.0000      0.00      0.61
  45      78.4      28.2      0.20    1.0090    0.0000      0.00      0.41
  46      78.4      30.1      0.13    1.0114    0.0000      0.00      0.23
  47      78.5      32.1      0.06    1.0114    0.0000      0.00      0.29
  48      78.5      34.0     -0.00    1.0134    0.0000      0.00      0.46
  49      78.5      35.9     -0.07    1.0130    0.0000      0.00      0.49
  50      78.5      37.9     -0.13    1.0121    0.0000      0.00      0.51
  51      78.5      39.9     -0.10    1.0133    0.0000      0.00      0.47
  52      78.5      41.9     -0.06    1.0127    0.0000      0.00      0.53
  53      78.5      44.0     -0.02    1.0166    0.0000      0.00      0.43
  54      78.5      46.0      0.03    1.0150    0.0000      0.00      0.28
  55      78.6      48.1      0.08    1.0165    0.0000      0.00      0.51
  56      78.6      50.1      0.05    1.0149    0.0000      0.00      0.77
  57      78.6      52.0      0.03    1.0154    0.0000      0.00      0.50
  58      78.6      54.0     -0.00    1.0177    0.0000      0.00      0.51
  59      78.6      56.0     -0.03    1.0192    0.0000      0.00      0.48
  60      78.6      58.0     -0.05    1.0165    0.0000      0.00      0.41
  61      78.6      59.9     -0.07    1.0143    0.0000      0.00      0.39


 Residual error mean and sd:     0.422   0.226 pixels    (Local area   2   4)

         Projection points with large residuals (in pixels)
 obj  cont  view   index coordinates      residuals        # of
   #     #     #      X         Y        X        Y        S.D.
   2     8    56    215.43   1026.60     0.06    -1.42     4.44
   1    12    16    500.30    940.76    -0.57    -1.04     3.39
   3    14    56    172.73   1189.56     0.70     0.93     3.28
   2     1     2    230.90   1177.23     0.92     0.64     3.11
   3    14    52    174.16   1199.03     0.49     1.00     3.07
   2     3     2    664.40    936.26    -0.65    -0.90     3.05
   3    21     1    566.83    966.02     0.71     0.85     3.02

 Doing local area  3  4, centered on 1178 1541, size  650  664,  12 fiducials
    (  7 on bottom and  5 on top)

 Number of cycles :    18                      Final   F :        0.464140
  61 views,   33 geometric variables,   12 3-D points,   680 projection points
  Ratio of total measured values to all unknowns =  1360/ 153 =   8.89

 view   rotation    tilt    deltilt     mag      dmag      skew    resid-pixels
   1      78.0     -59.7      0.27    1.0004    0.0000      0.00      0.50
   2      78.0     -57.8      0.20    0.9985    0.0000      0.00      0.73
   3      78.0     -55.9      0.13    1.0011    0.0000      0.00      0.37
   4      78.0     -53.9      0.05    1.0008    0.0000      0.00      0.27
   5      78.0     -52.0      0.02    1.0007    0.0000      0.00      0.49
   6      78.1     -50.0     -0.01    0.9998    0.0000      0.00      0.35
   7      78.1     -48.0     -0.04    1.0001    0.0000      0.00      0.34
   8      78.1     -46.0     -0.03    1.0009    0.0000      0.00      0.38
   9      78.1     -44.0     -0.03    1.0001    0.0000      0.00      0.34
  10      78.1     -42.0     -0.01    1.0025    0.0000      0.00      0.37
  11      78.1     -40.0     -0.00    1.0021    0.0000      0.00      0.37
  12      78.1     -38.0      0.01    1.0004    0.0000      0.00      0.28
  13      78.1     -36.0      0.02    0.9999    0.0000      0.00      0.35
  14      78.1     -34.0      0.02    0.9997    0.0000      0.00      0.40
  15      78.1     -32.0      0.02    0.9975    0.0000      0.00      0.39
  16      78.2     -30.0      0.01    0.9954    0.0000      0.00      0.59
  17      78.2     -28.0      0.00    0.9989    0.0000      0.00      0.62
  18      78.2     -26.0      0.01    0.9945    0.0000      0.00      0.47
  19      78.2     -24.0      0.02    0.9940    0.0000      0.00      0.38
  20      78.2     -22.0      0.03    0.9941    0.0000      0.00      0.29
  21      78.2     -20.0      0.04    0.9935    0.0000      0.00      0.25
  22      78.2     -17.9      0.06    0.9945    0.0000      0.00      0.36
  23      78.2     -15.9      0.05    0.9921    0.0000      0.00      0.40
  24      78.2     -14.0      0.04    0.9932    0.0000      0.00      0.35
  25      78.2     -12.0      0.03    0.9923    0.0000      0.00      0.40
  26      78.2     -10.0      0.02    0.9931    0.0000      0.00      0.53
  27      78.3      -8.0      0.01    0.9921    0.0000      0.00      0.30
  28      78.3      -6.0      0.00    0.9916    0.0000      0.00      0.33
  29      78.3      -4.0      0.00    0.9905    0.0000      0.00      0.38
  30      78.3      -2.0      0.00    0.9910    0.0000      0.00      0.34
  31      78.3       0.0      0.00    0.9939    0.0000      0.00      0.33
  32      78.3       2.0      0.00    0.9954    0.0000      0.00      0.36
  33      78.3       4.0      0.00    0.9966    0.0000      0.00      0.64
  34      78.3       6.0      0.00    0.9970    0.0000      0.00      0.40
  35      78.3       8.0     -0.04    0.9962    0.0000      0.00      0.47
  36      78.4      10.0     -0.05    0.9970    0.0000      0.00      0.46
  37      78.4      12.0     -0.05    0.9993    0.0000      0.00      0.39
  38      78.4      13.9     -0.05    0.9979    0.0000      0.00      0.41
  39      78.4      15.9     -0.06    0.9987    0.0000      0.00      0.35
  40      78.4      17.9     -0.06    1.0006    0.0000      0.00      0.33
  41      78.4      20.0      0.03    1.0001    0.0000      0.00      0.37
  42      78.4      22.1      0.07    1.0023    0.0000      0.00      0.36
  43      78.4      24.1      0.11    1.0044    0.0000      0.00      0.45
  44      78.4      26.2      0.16    1.0059    0.0000      0.00      0.44
  45      78.4      28.2      0.20    1.0090    0.0000      0.00      0.38
  46      78.4      30.1      0.13    1.0114    0.0000      0.00      0.27
  47      78.5      32.1      0.06    1.0114    0.0000      0.00      0.40
  48      78.5      34.0     -0.02    1.0135    0.0000      0.00      0.32
  49      78.5      35.9     -0.08    1.0131    0.0000      0.00      0.44
  50      78.5      37.9     -0.14    1.0121    0.0000      0.00      0.41
  51      78.5      39.9     -0.10    1.0133    0.0000      0.00      0.45
  52      78.5      41.9     -0.06    1.0126    0.0000      0.00      0.47
  53      78.5      44.0     -0.02    1.0165    0.0000      0.00      0.39
  54      78.5      46.0      0.04    1.0149    0.0000      0.00      0.29
  55      78.6      48.1      0.10    1.0164    0.0000      0.00      0.32
  56      78.6      50.1      0.08    1.0148    0.0000      0.00      0.64
  57      78.6      52.1      0.05    1.0153    0.0000      0.00      0.51
  58      78.6      54.0      0.03    1.0176    0.0000      0.00      0.45
  59      78.6      56.0      0.01    1.0191    0.0000      0.00      0.58
  60      78.6      58.0     -0.00    1.0164    0.0000      0.00      0.44
  61      78.6      60.0     -0.02    1.0142    0.0000      0.00      0.37


 Residual error mean and sd:     0.405   0.227 pixels    (Local area   3   4)

         Projection points with large residuals (in pixels)
 obj  cont  view   index coordinates      residuals        # of
   #     #     #      X         Y        X        Y        S.D.
   3    12    16    383.73   1426.08     0.79     1.15     4.34
   2    14    56    717.41   1072.96    -0.66    -1.17     4.10
   3    12    57    353.56   1410.11     1.22     0.47     3.97
   3    15    16    844.94   1330.73    -0.38     1.15     3.54
   3    14    26    220.28   1268.97     0.28     1.17     3.51
   3    11    59    254.03   1106.50    -0.42     1.00     3.00

 Doing local area  4  4, centered on 1504 1541, size  650  664,  11 fiducials
    (  5 on bottom and  6 on top)

 Number of cycles :    19                      Final   F :        0.467622
  61 views,   33 geometric variables,   11 3-D points,   605 projection points
  Ratio of total measured values to all unknowns =  1210/ 153 =   7.91

 view   rotation    tilt    deltilt     mag      dmag      skew    resid-pixels
   1      78.0     -59.8      0.23    1.0000    0.0000      0.00      0.34
   2      78.0     -57.8      0.19    0.9982    0.0000      0.00      0.58
   3      78.0     -55.9      0.15    1.0008    0.0000      0.00      0.36
   4      78.0     -53.9      0.11    1.0006    0.0000      0.00      0.33
   5      78.0     -51.9      0.07    1.0005    0.0000      0.00      0.39
   6      78.1     -50.0      0.03    0.9996    0.0000      0.00      0.48
   7      78.1     -48.0     -0.01    1.0000    0.0000      0.00      0.38
   8      78.1     -46.0     -0.01    1.0009    0.0000      0.00      0.32
   9      78.1     -44.0     -0.01    1.0000    0.0000      0.00      0.36
  10      78.1     -42.0     -0.01    1.0025    0.0000      0.00      0.29
  11      78.1     -40.0     -0.01    1.0022    0.0000      0.00      0.33
  12      78.1     -38.0     -0.00    1.0005    0.0000      0.00      0.34
  13      78.1     -36.0     -0.01    1.0001    0.0000      0.00      0.33
  14      78.1     -34.0     -0.01    0.9999    0.0000      0.00      0.36
  15      78.1     -32.0     -0.00    0.9976    0.0000      0.00      0.34
  16      78.1     -30.0      0.00    0.9955    0.0000      0.00      0.72
  17      78.2     -28.0      0.00    0.9990    0.0000      0.00      0.38
  18      78.2     -26.0      0.03    0.9945    0.0000      0.00      0.39
  19      78.2     -24.0      0.05    0.9940    0.0000      0.00      0.35
  20      78.2     -21.9      0.07    0.9940    0.0000      0.00      0.40
  21      78.2     -19.9      0.09    0.9933    0.0000      0.00      0.24
  22      78.2     -17.9      0.09    0.9943    0.0000      0.00      0.37
  23      78.2     -15.9      0.07    0.9919    0.0000      0.00      0.39
  24      78.2     -13.9      0.05    0.9930    0.0000      0.00      0.43
  25      78.2     -12.0      0.03    0.9920    0.0000      0.00      0.48
  26      78.3     -10.0      0.01    0.9928    0.0000      0.00      0.44
  27      78.3      -8.0     -0.01    0.9918    0.0000      0.00      0.38
  28      78.3      -6.0     -0.03    0.9913    0.0000      0.00      0.44
  29      78.3      -4.0     -0.01    0.9903    0.0000      0.00      0.31
  30      78.3      -2.0      0.01    0.9909    0.0000      0.00      0.29
  31      78.3       0.0      0.03    0.9939    0.0000      0.00      0.31
  32      78.3       2.1      0.06    0.9955    0.0000      0.00      0.41
  33      78.3       4.1      0.08    0.9968    0.0000      0.00      0.48
  34      78.3       6.1      0.10    0.9974    0.0000      0.00      0.34
  35      78.4       8.1      0.08    0.9964    0.0000      0.00      0.48
  36      78.4      10.0      0.03    0.9971    0.0000      0.00      0.43
  37      78.4      12.0     -0.02    0.9994    0.0000      0.00      0.38
  38      78.4      13.9     -0.07    0.9979    0.0000      0.00      0.38
  39      78.4      15.9     -0.12    0.9987    0.0000      0.00      0.30
  40      78.4      17.8     -0.17    1.0004    0.0000      0.00      0.33
  41      78.4      19.9     -0.13    0.9999    0.0000      0.00      0.30
  42      78.4      21.9     -0.06    1.0021    0.0000      0.00      0.35
  43      78.4      24.0      0.02    1.0043    0.0000      0.00      0.52
  44      78.4      26.1      0.09    1.0058    0.0000      0.00      0.50
  45      78.4      28.2      0.16    1.0089    0.0000      0.00      0.28
  46      78.4      30.1      0.12    1.0114    0.0000      0.00      0.25
  47      78.5      32.1      0.08    1.0115    0.0000      0.00      0.40
  48      78.5      34.0      0.03    1.0137    0.0000      0.00      0.35
  49      78.5      36.0     -0.04    1.0131    0.0000      0.00      0.38
  50      78.5      37.9     -0.12    1.0122    0.0000      0.00      0.72
  51      78.5      39.9     -0.09    1.0133    0.0000      0.00      0.57
  52      78.5      41.9     -0.06    1.0126    0.0000      0.00      0.58
  53      78.5      44.0     -0.03    1.0164    0.0000      0.00      0.51
  54      78.5      46.0      0.03    1.0148    0.0000      0.00      0.43
  55      78.5      48.1      0.10    1.0162    0.0000      0.00      0.54
  56      78.5      50.1      0.09    1.0147    0.0000      0.00      0.72
  57      78.5      52.1      0.08    1.0152    0.0000      0.00      0.60
  58      78.6      54.1      0.06    1.0175    0.0000      0.00      0.25
  59      78.6      56.0      0.01    1.0190    0.0000      0.00      0.53
  60      78.6      57.9     -0.05    1.0163    0.0000      0.00      0.36
  61      78.6      59.9     -0.11    1.0142    0.0000      0.00      0.41


 Residual error mean and sd:     0.406   0.232 pixels    (Local area   4   4)

         Projection points with large residuals (in pixels)
 obj  cont  view   index coordinates      residuals        # of
   #     #     #      X         Y        X        Y        S.D.
   2    22    50    465.48   1680.32     0.32     1.42     4.54
   2    22    56    447.29   1572.91     0.49     1.33     4.34
   3    19    16    458.28   1393.63    -0.31    -1.22     3.69
   2    19    55    280.13   1672.53    -0.18    -1.12     3.15
   2    19    57    276.03   1612.20     1.03     0.47     3.12
   2     6    16    368.81   1597.90    -0.17    -1.10     3.05
   3    13    16    848.17   1642.83    -0.17     1.10     3.05


 Ratio of local measurements to unknowns, mean:  8.72  range  6.52 to 10.48
 Residual error local mean:      0.412    range   0.390 to   0.426 pixels

